{
  "timestamp": "20260115_183754",
  "target_index": 30,
  "target_position_torso": [
    0.2835342158732362,
    0.24703063347816467,
    0.08042948853284626
  ],
  "joint_angles": [
    -0.22029366202513803,
    0.4339429340927223,
    0.09201283728394359,
    0.3212237491738986,
    1.1764273975434667,
    -0.17771177611362224,
    0.16224764955895998
  ],
  "detection_info": {
    "pixel_coord": [
      233,
      308
    ],
    "camera_coord": [
      -0.2795006334781647,
      0.0998469740152359,
      0.6310000419616699
    ],
    "depth_meters": 0.6310000299708918,
    "method": "direct",
    "torso_z_deviation": 0.00042948853284627275
  }
}