{
  "timestamp": "19700623_055833",
  "target_index": 31,
  "target_position_torso": [
    0.2801461495258428,
    0.23166330554962156,
    0.0826123223331432
  ],
  "joint_angles": [
    -0.19129178993911525,
    0.37953851487723894,
    0.08308584867513079,
    0.22855642319702327,
    1.2156582944010645,
    -0.13167507628672717,
    0.11616599093316214
  ],
  "detection_info": {
    "pixel_coord": [
      221,
      313
    ],
    "camera_coord": [
      -0.2941333055496216,
      0.1061018854379654,
      0.625
    ],
    "depth_meters": 0.6250000296859071,
    "method": "direct",
    "torso_z_deviation": 0.0026123223331432077
  }
}