{
  "timestamp": "20260115_184539",
  "target_index": 31,
  "target_position_torso": [
    0.28805517048528595,
    0.19392204561710358,
    0.0806668232164246
  ],
  "joint_angles": [
    -0.22272304594224246,
    0.2669902191313053,
    0.001663201020524672,
    0.19656522418517336,
    1.3083112682250617,
    -0.016578227391046228,
    0.0913737705200498
  ],
  "detection_info": {
    "pixel_coord": [
      270,
      305
    ],
    "camera_coord": [
      -0.22639204561710358,
      0.09578551352024078,
      0.6330000162124634
    ],
    "depth_meters": 0.6330000300658867,
    "method": "direct",
    "torso_z_deviation": 0.0006668232164246113
  }
}