{
  "timestamp": "20260115_171830",
  "target_index": 30,
  "target_position_torso": [
    0.30881702393306837,
    0.2423962829399109,
    0.07967658264971922
  ],
  "joint_angles": [
    -0.367927760566025,
    0.3945658035798181,
    0.11854443247135896,
    0.5145060894221283,
    1.2532407244837753,
    -0.21475041478415344,
    0.2045743821273877
  ],
  "detection_info": {
    "pixel_coord": [
      240,
      292
    ],
    "camera_coord": [
      -0.2748662829399109,
      0.07814934849739075,
      0.6440000534057617
    ],
    "depth_meters": 0.6440000305883586,
    "method": "direct",
    "torso_z_deviation": 0.0003234173502807691
  }
}