{
  "timestamp": "20260115_182431",
  "target_index": 30,
  "target_position_torso": [
    0.2831841188898852,
    0.24368290880203247,
    0.08137945824126125
  ],
  "joint_angles": [
    -0.21540367354160833,
    0.42222172461857205,
    0.09120215655739636,
    0.3000087011101491,
    1.1845050225005067,
    -0.1673534372952976,
    0.149750525075997
  ],
  "detection_info": {
    "pixel_coord": [
      235,
      308
    ],
    "camera_coord": [
      -0.27615290880203247,
      0.09968874603509903,
      0.6300000548362732
    ],
    "depth_meters": 0.6300000299233943,
    "method": "direct",
    "torso_z_deviation": 0.001379458241261261
  }
}