{
  "timestamp": "19700621_061655",
  "target_index": 30,
  "target_position_torso": [
    0.28769904579382655,
    0.26641463020324707,
    0.08161342111864156
  ],
  "joint_angles": [
    -0.26264385096638904,
    0.5042431289440958,
    0.09894283584533783,
    0.4346164713222647,
    1.1298904247535289,
    -0.2391149850623887,
    0.20733935582817456
  ],
  "detection_info": {
    "pixel_coord": [
      220,
      304
    ],
    "camera_coord": [
      -0.29888463020324707,
      0.09563419222831726,
      0.6320000290870667
    ],
    "depth_meters": 0.6320000300183892,
    "method": "direct",
    "torso_z_deviation": 0.0016134211186415726
  }
}