{
  "timestamp": "20260115_173328",
  "target_index": 30,
  "target_position_torso": [
    0.30881702393306837,
    0.2438809452342987,
    0.07967658264971922
  ],
  "joint_angles": [
    -0.369548235635828,
    0.3995516782280181,
    0.11978225024324055,
    0.5210773960323914,
    1.2504812580745082,
    -0.2195393227202963,
    0.20767934282909464
  ],
  "detection_info": {
    "pixel_coord": [
      239,
      292
    ],
    "camera_coord": [
      -0.2763509452342987,
      0.07814934849739075,
      0.6440000534057617
    ],
    "depth_meters": 0.6440000305883586,
    "method": "direct",
    "torso_z_deviation": 0.0003234173502807691
  }
}