{
  "timestamp": "20260115_172345",
  "target_index": 31,
  "target_position_torso": [
    0.29368677424617945,
    0.1751185832309723,
    0.07808794391633267
  ],
  "joint_angles": [
    -0.25294553899056094,
    0.19600215449344757,
    -0.017278885547096,
    0.2225336432351721,
    1.3732725475269967,
    0.018240843330799332,
    0.09460617266166588
  ],
  "detection_info": {
    "pixel_coord": [
      284,
      302
    ],
    "camera_coord": [
      -0.2075885832309723,
      0.09212961047887802,
      0.6380000114440918
    ],
    "depth_meters": 0.6380000303033739,
    "method": "direct",
    "torso_z_deviation": 0.0019120560836673184
  }
}