{
  "timestamp": "20260115_184253",
  "target_index": 30,
  "target_position_torso": [
    0.2848037799480252,
    0.24993999579429627,
    0.08113966293729613
  ],
  "joint_angles": [
    -0.2293653574583846,
    0.44480978025340634,
    0.09391274156028664,
    0.3385226055097112,
    1.168855724217447,
    -0.186471025806601,
    0.16663442122607652
  ],
  "detection_info": {
    "pixel_coord": [
      231,
      307
    ],
    "camera_coord": [
      -0.28240999579429626,
      0.09839227795600891,
      0.6310000419616699
    ],
    "depth_meters": 0.6310000299708918,
    "method": "direct",
    "torso_z_deviation": 0.001139662937296143
  }
}