{
  "timestamp": "19700623_055653",
  "target_index": 30,
  "target_position_torso": [
    0.2804862034181363,
    0.2884176264095306,
    0.0816566663793502
  ],
  "joint_angles": [
    -0.2522868573355951,
    0.5755913204200536,
    0.12193156627677933,
    0.5027386336646174,
    1.0862156979449247,
    -0.31577559937054445,
    0.24910185222566378
  ],
  "detection_info": {
    "pixel_coord": [
      182,
      313
    ],
    "camera_coord": [
      -0.35088762640953064,
      0.1062716543674469,
      0.6260000467300415
    ],
    "depth_meters": 0.6260000297334045,
    "method": "direct",
    "torso_z_deviation": 0.001656666379350219
  }
}