{
  "timestamp": "20260115_184727",
  "target_index": 30,
  "target_position_torso": [
    0.28713569689146584,
    0.2512826798248291,
    0.07900667546622842
  ],
  "joint_angles": [
    -0.2500881833614352,
    0.40858280026044763,
    0.15754943762220605,
    0.37663042099920063,
    1.228931017452206,
    -0.24018981635049697,
    0.16967343564219567
  ],
  "detection_info": {
    "pixel_coord": [
      231,
      306
    ],
    "camera_coord": [
      -0.2837526798248291,
      0.09739844501018524,
      0.6340000033378601
    ],
    "depth_meters": 0.6340000301133841,
    "method": "direct",
    "torso_z_deviation": 0.0009933245337715724
  }
}