{
  "timestamp": "20260115_171139",
  "target_index": 30,
  "target_position_torso": [
    0.26912021636688027,
    0.22727062085151672,
    0.0826789345672444
  ],
  "joint_angles": [
    -0.13106735348444623,
    0.35953264953210007,
    0.08727118740546355,
    0.14080284157483683,
    1.227059277132853,
    -0.11896625431958237,
    0.0926338631884236
  ],
  "detection_info": {
    "pixel_coord": [
      244,
      317
    ],
    "camera_coord": [
      -0.2597406208515167,
      0.11132840812206268,
      0.6220000386238098
    ],
    "depth_meters": 0.6220000295434147,
    "method": "direct",
    "torso_z_deviation": 0.002678934567244412
  }
}