{
  "timestamp": "20260115_171608",
  "target_index": 31,
  "target_position_torso": [
    0.2857192350697729,
    0.18122996666908264,
    0.08279756281669359
  ],
  "joint_angles": [
    -0.20998074290671936,
    0.21858681952048853,
    -0.00964989399712508,
    0.14852091454902097,
    1.3540974034959703,
    0.010306084475974602,
    0.0614082980537237
  ],
  "detection_info": {
    "pixel_coord": [
      278,
      306
    ],
    "camera_coord": [
      -0.21369996666908264,
      0.09678395092487335,
      0.6300000548362732
    ],
    "depth_meters": 0.6300000299233943,
    "method": "direct",
    "torso_z_deviation": 0.002797562816693605
  }
}