{
  "timestamp": "20260115_184414",
  "target_index": 31,
  "target_position_torso": [
    0.28876744896685574,
    0.18878166654586792,
    0.07877357539293472
  ],
  "joint_angles": [
    -0.2264570954008449,
    0.24729478178276085,
    -0.005227351432706455,
    0.20291984809850785,
    1.3262860506142617,
    -0.006829356718249386,
    0.09657118628236967
  ],
  "detection_info": {
    "pixel_coord": [
      274,
      305
    ],
    "camera_coord": [
      -0.22125166654586792,
      0.09608815610408783,
      0.6350000500679016
    ],
    "depth_meters": 0.6350000301608816,
    "method": "direct",
    "torso_z_deviation": 0.001226424607065263
  }
}