{
  "timestamp": "19700623_055545",
  "target_index": 30,
  "target_position_torso": [
    0.2785506383144284,
    0.3015423498439789,
    0.08286562668588848
  ],
  "joint_angles": [
    -0.26506131863269927,
    0.6210934801209641,
    0.1266761215354936,
    0.5684732800661956,
    1.0630757990944266,
    -0.3648590268380863,
    0.278869092752949
  ],
  "detection_info": {
    "pixel_coord": [
      186,
      314
    ],
    "camera_coord": [
      -0.3440123498439789,
      0.10737068206071854,
      0.6240000128746033
    ],
    "depth_meters": 0.6240000296384096,
    "method": "direct",
    "torso_z_deviation": 0.002865626685888495
  }
}