{
  "timestamp": "20260115_171720",
  "target_index": 31,
  "target_position_torso": [
    0.29368677424617945,
    0.17806025126457214,
    0.07808794391633267
  ],
  "joint_angles": [
    -0.2528369965174703,
    0.2079436929419707,
    -0.015746825268444797,
    0.22618351722444982,
    1.3619283334367223,
    0.01337041701604919,
    0.09764132415848777
  ],
  "detection_info": {
    "pixel_coord": [
      282,
      302
    ],
    "camera_coord": [
      -0.21053025126457214,
      0.09212961047887802,
      0.6380000114440918
    ],
    "depth_meters": 0.6380000303033739,
    "method": "direct",
    "torso_z_deviation": 0.0019120560836673184
  }
}