{
  "timestamp": "19700623_055759",
  "target_index": 30,
  "target_position_torso": [
    0.2801461495258428,
    0.29217969277381894,
    0.0826123223331432
  ],
  "joint_angles": [
    -0.2560351512261514,
    0.5887102903627058,
    0.12501400076165112,
    0.5183017393344681,
    1.0788239251618628,
    -0.32931735938656076,
    0.25393012065772136
  ],
  "detection_info": {
    "pixel_coord": [
      179,
      313
    ],
    "camera_coord": [
      -0.35464969277381897,
      0.1061018854379654,
      0.625
    ],
    "depth_meters": 0.6250000296859071,
    "method": "direct",
    "torso_z_deviation": 0.0026123223331432077
  }
}