{
  "timestamp": "19700623_055420",
  "target_index": 30,
  "target_position_torso": [
    0.2754862034181363,
    0.30109958627700806,
    0.0816566663793502
  ],
  "joint_angles": [
    -0.24627487153458597,
    0.6166529388937124,
    0.1338259462771568,
    0.5478328902040305,
    1.064564018917567,
    -0.36333264036538704,
    0.276715583629985
  ],
  "detection_info": {
    "pixel_coord": [
      194,
      313
    ],
    "camera_coord": [
      -0.33356958627700806,
      0.1062716543674469,
      0.6260000467300415
    ],
    "depth_meters": 0.6260000297334045,
    "method": "direct",
    "torso_z_deviation": 0.001656666379350219
  }
}