{
  "timestamp": "19700623_060551",
  "target_index": 31,
  "target_position_torso": [
    0.27946608693379416,
    0.23503084877014158,
    0.08452352292795451
  ],
  "joint_angles": [
    -0.18886819912078426,
    0.39074950556581733,
    0.0916273584525006,
    0.22486507674914827,
    1.2056284326445406,
    -0.14082438543449524,
    0.11024162761006771
  ],
  "detection_info": {
    "pixel_coord": [
      218,
      313
    ],
    "camera_coord": [
      -0.2975008487701416,
      0.10576236248016357,
      0.6230000257492065
    ],
    "depth_meters": 0.6230000295909122,
    "method": "direct",
    "torso_z_deviation": 0.004523522927954521
  }
}