{
  "timestamp": "20260115_171935",
  "target_index": 30,
  "target_position_torso": [
    0.2924031260119916,
    0.2324811992931366,
    0.07736989105209346
  ],
  "joint_angles": [
    -0.26454830696079706,
    0.3523085409400555,
    0.1203519046083786,
    0.35226501960405227,
    1.2675669829806373,
    -0.17925165928312797,
    0.15728558776239376
  ],
  "detection_info": {
    "pixel_coord": [
      245,
      303
    ],
    "camera_coord": [
      -0.2649511992931366,
      0.09360044449567795,
      0.6380000114440918
    ],
    "depth_meters": 0.6380000303033739,
    "method": "direct",
    "torso_z_deviation": 0.002630108947906523
  }
}