{
  "timestamp": "19700610_041636",
  "target_index": 25,
  "target_position_torso": [
    0.32821277060790977,
    0.214880355386734,
    0.0721931206060119
  ],
  "joint_angles": [
    -0.4754140930367458,
    0.31432057186642814,
    0.06593868390870812,
    0.6509642244330458,
    1.3145209574305128,
    -0.14227863661867732,
    0.2654418462917209
  ],
  "detection_info": {
    "pixel_coord": [
      256,
      282
    ],
    "camera_coord": [
      -0.257350355386734,
      0.06487538665533066,
      0.6600000262260437
    ],
    "depth_meters": 0.6600000313483179,
    "method": "direct",
    "torso_z_deviation": 0.007806879393988081
  }
}