{
  "timestamp": "19700611_075728",
  "target_index": 31,
  "target_position_torso": [
    0.3257774778182839,
    0.22234599688529966,
    0.08870064045091941
  ],
  "joint_angles": [
    -0.4487859816942948,
    0.3381032325059022,
    0.09796099103701329,
    0.5386593385868913,
    1.2959244783290809,
    -0.15786196552393705,
    0.16921259070045072
  ],
  "detection_info": {
    "pixel_coord": [
      233,
      267
    ],
    "camera_coord": [
      -0.2848159968852997,
      0.04096890613436699,
      0.6430000066757202
    ],
    "depth_meters": 0.6430000305408612,
    "method": "direct",
    "torso_z_deviation": 0.0012993595490805865
  }
}