{
  "timestamp": "19700609_030620",
  "target_index": 24,
  "target_position_torso": [
    0.2850243971494042,
    0.3084998414802551,
    0.08111206132118179
  ],
  "joint_angles": [
    -0.3297452585953665,
    0.6518758396174061,
    0.08889980215694496,
    0.6942195353271627,
    1.0560324981226161,
    -0.3970200456911188,
    0.33623368046499214
  ],
  "detection_info": {
    "pixel_coord": [
      173,
      292
    ],
    "camera_coord": [
      -0.3609698414802551,
      0.0753583014011383,
      0.6210000514984131
    ],
    "depth_meters": 0.6210000294959173
  }
}