{
  "timestamp": "19700608_063915",
  "target_index": 20,
  "target_position_torso": [
    0.31635124526763686,
    0.1222108886528015,
    0.08144848043962308
  ],
  "joint_angles": [
    -0.39536098312754375,
    0.018514991923587867,
    -0.06041638233220537,
    0.3658248885023916,
    1.5172737766673825,
    0.13192236384396494,
    0.1045300091270886
  ],
  "detection_info": {
    "pixel_coord": [
      306,
      272
    ],
    "camera_coord": [
      -0.1746808886528015,
      0.04785402864217758,
      0.6360000371932983
    ],
    "depth_meters": 0.636000030208379
  }
}