{
  "timestamp": "19700610_061833",
  "target_index": 25,
  "target_position_torso": [
    0.33922365828103557,
    0.24201681116104123,
    0.08663892237565662
  ],
  "joint_angles": [
    -0.5704412353886031,
    0.4143294254533404,
    0.08586453234716744,
    0.7969666751981473,
    1.2674565170007186,
    -0.23336150754088544,
    0.28523957307900516
  ],
  "detection_info": {
    "pixel_coord": [
      221,
      258
    ],
    "camera_coord": [
      -0.30448681116104126,
      0.02779950201511383,
      0.6470000147819519
    ],
    "depth_meters": 0.647000030730851,
    "method": "direct",
    "torso_z_deviation": 0.0016389223756566318
  }
}