{
  "timestamp": "19700609_030812",
  "target_index": 25,
  "target_position_torso": [
    0.2833946608124325,
    0.2493156180667877,
    0.08134628896720633
  ],
  "joint_angles": [
    -0.22085602211368355,
    0.44175094652338137,
    0.09620651712723483,
    0.3243303637514155,
    1.1703091433889699,
    -0.18441929138939678,
    0.1613919463358255
  ],
  "detection_info": {
    "pixel_coord": [
      214,
      293
    ],
    "camera_coord": [
      -0.3017856180667877,
      0.07666628062725067,
      0.6200000047683716
    ],
    "depth_meters": 0.6200000294484198
  }
}