{
  "timestamp": "19700608_033332",
  "target_index": 25,
  "target_position_torso": [
    0.2770424353772002,
    0.27093725302696225,
    0.07994930349436793
  ],
  "joint_angles": [
    -0.20764900927759236,
    0.5116132795838134,
    0.12226540019241211,
    0.3863719870801821,
    1.121383013368118,
    -0.2546591355312828,
    0.20446675144717164
  ],
  "detection_info": {
    "pixel_coord": [
      193,
      291
    ],
    "camera_coord": [
      -0.3334072530269623,
      0.0741647407412529,
      0.6230000257492065
    ],
    "depth_meters": 0.6230000295909122
  }
}