{
  "timestamp": "19700611_081615",
  "target_index": 25,
  "target_position_torso": [
    0.35015871774175117,
    0.21903033950805662,
    0.10024033363052087
  ],
  "joint_angles": [
    -0.6042192910151347,
    0.34454781827886805,
    0.0893740327667883,
    0.7243294492119589,
    1.3080269468860126,
    -0.16221787508443977,
    0.20016256399400498
  ],
  "detection_info": {
    "pixel_coord": [
      239,
      249
    ],
    "camera_coord": [
      -0.28150033950805664,
      0.014575202018022537,
      0.656000018119812
    ],
    "depth_meters": 0.6560000311583281,
    "method": "direct",
    "torso_z_deviation": 0.00024033363052086698
  }
}