{
  "timestamp": "19700608_064347",
  "target_index": 31,
  "target_position_torso": [
    0.25558884282914157,
    0.18039923766136168,
    0.07954198551248495
  ],
  "joint_angles": [
    -0.05462909508866933,
    0.20638268443094024,
    -0.016420727619812912,
    -0.025662364128543592,
    1.3686914594006179,
    0.011661166387808359,
    0.04191699765503334
  ],
  "detection_info": {
    "pixel_coord": [
      259,
      312
    ],
    "camera_coord": [
      -0.2328692376613617,
      0.10181424021720886,
      0.6080000400543213
    ],
    "depth_meters": 0.6080000288784504
  }
}