{
  "timestamp": "19700609_030222",
  "target_index": 25,
  "target_position_torso": [
    0.27789793827324594,
    0.2488551721858978,
    0.07597982250929905
  ],
  "joint_angles": [
    -0.1930156811940634,
    0.4364746081712825,
    0.09400331302141611,
    0.31367098465027426,
    1.1742118460097446,
    -0.18452536190272367,
    0.18033440404902804
  ],
  "detection_info": {
    "pixel_coord": [
      215,
      298
    ],
    "camera_coord": [
      -0.3013251721858978,
      0.08408334106206894,
      0.6220000386238098
    ],
    "depth_meters": 0.6220000295434147
  }
}