{
  "timestamp": "19700610_062302",
  "target_index": 31,
  "target_position_torso": [
    0.31081826540765634,
    0.24222512939453122,
    0.0894992260495181
  ],
  "joint_angles": [
    -0.37339584668909914,
    0.39389617712177544,
    0.13575730337167413,
    0.4711094995344993,
    1.2517805508554547,
    -0.21383180424543047,
    0.15240973605738034
  ],
  "detection_info": {
    "pixel_coord": [
      217,
      276
    ],
    "camera_coord": [
      -0.30469512939453125,
      0.05363446846604347,
      0.6350000500679016
    ],
    "depth_meters": 0.6350000301608816,
    "method": "direct",
    "torso_z_deviation": 0.0005007739504818975
  }
}