{
  "timestamp": "19700611_080453",
  "target_index": 32,
  "target_position_torso": [
    0.32104325483040597,
    0.15234998801231384,
    0.08834400675376675
  ],
  "joint_angles": [
    -0.40755312735577315,
    0.12866305993058932,
    -0.02819253551854163,
    0.3627274965788223,
    1.4261660628136705,
    0.06613243172756322,
    0.08771943518150839
  ],
  "detection_info": {
    "pixel_coord": [
      273,
      270
    ],
    "camera_coord": [
      -0.22481998801231384,
      0.04527473449707031,
      0.6410000324249268
    ],
    "depth_meters": 0.6410000304458663,
    "method": "direct",
    "torso_z_deviation": 0.0016559932462332505
  }
}