{
  "timestamp": "19700608_063218",
  "target_index": 26,
  "target_position_torso": [
    0.2857889646978462,
    0.1100766102361679,
    0.07924813148510682
  ],
  "joint_angles": [
    -0.23056194503713276,
    -0.04217263221682916,
    -0.10856442570621345,
    0.15914226696930847,
    1.5959193266745864,
    0.1524939059448758,
    0.04989158341334573
  ],
  "detection_info": {
    "pixel_coord": [
      305,
      292
    ],
    "camera_coord": [
      -0.1725466102361679,
      0.0756009966135025,
      0.6230000257492065
    ],
    "depth_meters": 0.6230000295909122
  }
}