{
  "timestamp": "19700610_044012",
  "target_index": 32,
  "target_position_torso": [
    0.29862649297472027,
    0.13698739209651944,
    0.07003342729401285
  ],
  "joint_angles": [
    -0.29004302044619645,
    0.061537509999638265,
    -0.06581250391831137,
    0.28515552579371567,
    1.4864409026829517,
    0.10014923839341101,
    0.12671624493872155
  ],
  "detection_info": {
    "pixel_coord": [
      291,
      304
    ],
    "camera_coord": [
      -0.19945739209651947,
      0.0961143895983696,
      0.6450000405311584
    ],
    "depth_meters": 0.6450000306358561,
    "method": "direct",
    "torso_z_deviation": 0.009966572705987137
  }
}