{
  "timestamp": "19700610_061314",
  "target_index": 25,
  "target_position_torso": [
    0.3419278511007168,
    0.25634592631340025,
    0.0762766180959498
  ],
  "joint_angles": [
    -0.6679723846588314,
    0.4678781186242147,
    0.038192292837450306,
    1.0624671759770614,
    1.2552435637747252,
    -0.3021123780178664,
    0.44319824020879783
  ],
  "detection_info": {
    "pixel_coord": [
      220,
      258
    ],
    "camera_coord": [
      -0.30881592631340027,
      0.02805730514228344,
      0.6530000567436218
    ],
    "depth_meters": 0.6530000310158357,
    "method": "direct",
    "torso_z_deviation": 0.0037233819040502214
  }
}