{
  "timestamp": "19700610_062159",
  "target_index": 30,
  "target_position_torso": [
    0.32104724075177254,
    0.3024980912494659,
    0.09178373026553766
  ],
  "joint_angles": [
    -0.5882531179710581,
    0.6219455379526583,
    0.08514335904451867,
    1.0027478716078073,
    1.178714084653536,
    -0.44484880659637505,
    0.39552223755948246
  ],
  "detection_info": {
    "pixel_coord": [
      177,
      269
    ],
    "camera_coord": [
      -0.36496809124946594,
      0.043592002242803574,
      0.6380000114440918
    ],
    "depth_meters": 0.6380000303033739,
    "method": "direct",
    "torso_z_deviation": 0.0017837302655376586
  }
}