{
  "timestamp": "19700610_042434",
  "target_index": 24,
  "target_position_torso": [
    0.33534953241527427,
    0.2521283517169952,
    0.0760967066073236
  ],
  "joint_angles": [
    -0.583936132072562,
    0.4473499940673856,
    0.06389584403807319,
    0.9044736721298445,
    1.2530773109786897,
    -0.27175658385563123,
    0.3719972926922977
  ],
  "detection_info": {
    "pixel_coord": [
      219,
      281
    ],
    "camera_coord": [
      -0.31459835171699524,
      0.063545823097229,
      0.6620000600814819
    ],
    "depth_meters": 0.6620000314433128,
    "method": "direct",
    "torso_z_deviation": 0.008903293392676398
  }
}