{
  "timestamp": "19700610_034906",
  "target_index": 31,
  "target_position_torso": [
    0.27466261853515106,
    0.17498996713638304,
    0.07646172028174661
  ],
  "joint_angles": [
    -0.1526031493179125,
    0.19079378585481654,
    -0.024268220539193988,
    0.10084896078820238,
    1.3811485562878953,
    0.022023421081624774,
    0.073086499487945
  ],
  "detection_info": {
    "pixel_coord": [
      266,
      300
    ],
    "camera_coord": [
      -0.22745996713638306,
      0.08667165786027908,
      0.6200000047683716
    ],
    "depth_meters": 0.6200000294484198,
    "method": "direct",
    "torso_z_deviation": 0.01646172028174661
  }
}