{
  "timestamp": "19700610_043156",
  "target_index": 25,
  "target_position_torso": [
    0.3299450919364768,
    0.19679414132118223,
    0.07701634570569904
  ],
  "joint_angles": [
    -0.4688381629566303,
    0.285463439032778,
    -0.005768112219213379,
    0.5788648658263514,
    1.292310873943863,
    -0.052645076613722336,
    0.22280220642079454
  ],
  "detection_info": {
    "pixel_coord": [
      255,
      281
    ],
    "camera_coord": [
      -0.25926414132118225,
      0.06344982981681824,
      0.6610000133514404
    ],
    "depth_meters": 0.6610000313958153,
    "method": "direct",
    "torso_z_deviation": 0.007983654294300951
  }
}