{
  "timestamp": "19700610_040711",
  "target_index": 30,
  "target_position_torso": [
    0.2951354519573935,
    0.26298427441596983,
    0.07931500933718905
  ],
  "joint_angles": [
    -0.30985976460977654,
    0.4539468144747014,
    0.1567110573902724,
    0.49482473078020167,
    1.2112816968507518,
    -0.2793898304346753,
    0.2129251335217238
  ],
  "detection_info": {
    "pixel_coord": [
      212,
      302
    ],
    "camera_coord": [
      -0.31545427441596985,
      0.09270722419023514,
      0.6420000195503235
    ],
    "depth_meters": 0.6420000304933637,
    "method": "direct",
    "torso_z_deviation": 0.005684990662810946
  }
}