{
  "timestamp": "19700608_041900",
  "target_index": 26,
  "target_position_torso": [
    0.2882959060565542,
    0.2120507846164703,
    0.08065047550362905
  ],
  "joint_angles": [
    -0.22992628640010368,
    0.28722695761184974,
    0.0903639353888743,
    0.2403189456662628,
    1.3088169953036586,
    -0.11358885465827581,
    0.10220808973300094
  ],
  "detection_info": {
    "pixel_coord": [
      234,
      290
    ],
    "camera_coord": [
      -0.27452078461647034,
      0.0727284848690033,
      0.6230000257492065
    ],
    "depth_meters": 0.6230000295909122
  }
}