{
  "timestamp": "19700611_082036",
  "target_index": 31,
  "target_position_torso": [
    0.3458401116305663,
    0.21185975172996518,
    0.0800900541121713
  ],
  "joint_angles": [
    -0.5913322338402187,
    0.3158454947438774,
    0.06220641933268209,
    0.7934751238099593,
    1.3231153306797474,
    -0.145497540364668,
    0.29257470401153984
  ],
  "detection_info": {
    "pixel_coord": [
      247,
      275
    ],
    "camera_coord": [
      -0.2743297517299652,
      0.05488177016377449,
      0.6680000424385071
    ],
    "depth_meters": 0.6680000317282975,
    "method": "direct",
    "torso_z_deviation": 0.009909945887828703
  }
}