{
  "timestamp": "19700608_064033",
  "target_index": 27,
  "target_position_torso": [
    0.2854066809236252,
    0.06100768455743788,
    0.0801800964031443
  ],
  "joint_angles": [
    -0.26691532277450275,
    -0.22011341282002084,
    -0.16109551656479837,
    0.24844418614875577,
    1.7462830780464196,
    0.25539689168070434,
    0.07216356009923972
  ],
  "detection_info": {
    "pixel_coord": [
      346,
      292
    ],
    "camera_coord": [
      -0.1134776845574379,
      0.0754796490073204,
      0.6220000386238098
    ],
    "depth_meters": 0.6220000295434147
  }
}