{
  "timestamp": "19700610_061549",
  "target_index": 25,
  "target_position_torso": [
    0.3467244091347839,
    0.2643698833274841,
    0.08510561489809598
  ],
  "joint_angles": [
    -0.728300016905855,
    0.5019750402138685,
    0.029826140166668725,
    1.1474773961648628,
    1.2490411566579498,
    -0.3387741341324976,
    0.45799101687837546
  ],
  "detection_info": {
    "pixel_coord": [
      221,
      254
    ],
    "camera_coord": [
      -0.30683988332748413,
      0.02200188674032688,
      0.6520000100135803
    ],
    "depth_meters": 0.6520000309683383,
    "method": "direct",
    "torso_z_deviation": 0.00010561489809599034
  }
}