{
  "timestamp": "19700611_071817",
  "target_index": 31,
  "target_position_torso": [
    0.32405319993624343,
    0.22042300203323362,
    0.08888191473016083
  ],
  "joint_angles": [
    -0.4363745131957534,
    0.33078698880803264,
    0.09753020052596066,
    0.513891819650767,
    1.2990272295955896,
    -0.15083282113605373,
    0.15888856206178506
  ],
  "detection_info": {
    "pixel_coord": [
      234,
      268
    ],
    "camera_coord": [
      -0.28289300203323364,
      0.042385246604681015,
      0.6420000195503235
    ],
    "depth_meters": 0.6420000304933637,
    "method": "direct",
    "torso_z_deviation": 0.0011180852698391697
  }
}