{
  "timestamp": "19700610_044109",
  "target_index": 30,
  "target_position_torso": [
    0.2933248613249065,
    0.2569261679935455,
    0.07165107934503967
  ],
  "joint_angles": [
    -0.29810536040708696,
    0.4340221425076676,
    0.13621678845709914,
    0.4983988990306304,
    1.2237919483299382,
    -0.2590490257812693,
    0.2405545678394223
  ],
  "detection_info": {
    "pixel_coord": [
      209,
      307
    ],
    "camera_coord": [
      -0.31939616799354553,
      0.09995158016681671,
      0.6410000324249268
    ],
    "depth_meters": 0.6410000304458663,
    "method": "direct",
    "torso_z_deviation": 0.008348920654960318
  }
}