{
  "timestamp": "19700610_061711",
  "target_index": 25,
  "target_position_torso": [
    0.34012506504528117,
    0.27295805790901184,
    0.084851469972958
  ],
  "joint_angles": [
    -0.684336891240393,
    0.5275671438687265,
    0.03996985350851603,
    1.0968401482468133,
    1.2312949672951612,
    -0.35893197709442515,
    0.44072622878488354
  ],
  "detection_info": {
    "pixel_coord": [
      221,
      258
    ],
    "camera_coord": [
      -0.30542805790901184,
      0.02788543701171875,
      0.6490000486373901
    ],
    "depth_meters": 0.6490000308258459,
    "method": "direct",
    "torso_z_deviation": 0.0001485300270419876
  }
}