{
  "timestamp": "19700610_043651",
  "target_index": 24,
  "target_position_torso": [
    0.3157284654004424,
    0.2534314284610748,
    0.07501670240314418
  ],
  "joint_angles": [
    -0.4332931178838759,
    0.437652112435856,
    0.1029396334421985,
    0.6696903803421642,
    1.2383680475802321,
    -0.25584983460698557,
    0.28370360298059244
  ],
  "detection_info": {
    "pixel_coord": [
      214,
      292
    ],
    "camera_coord": [
      -0.31590142846107483,
      0.07875609397888184,
      0.6490000486373901
    ],
    "depth_meters": 0.6490000308258459,
    "method": "direct",
    "torso_z_deviation": 0.004983297596855812
  }
}