{
  "timestamp": "19700610_032921",
  "target_index": 31,
  "target_position_torso": [
    0.3356787510171378,
    0.29784327605247496,
    0.0644478274977186
  ],
  "joint_angles": [
    -0.7980651124004204,
    0.5295948098179537,
    0.6746172649618789,
    1.4136662400451834,
    1.9716745266159088,
    -0.52059231347627,
    0.6623700403761702
  ],
  "detection_info": {
    "pixel_coord": [
      198,
      268
    ],
    "camera_coord": [
      -0.350313276052475,
      0.04416780546307564,
      0.6690000295639038
    ],
    "depth_meters": 0.6690000317757949,
    "method": "direct",
    "torso_z_deviation": 0.005552172502281377
  }
}