{
  "timestamp": "19700610_041140",
  "target_index": 30,
  "target_position_torso": [
    0.3049439963641368,
    0.26890733697891234,
    0.07448934332497581
  ],
  "joint_angles": [
    -0.3875218845658703,
    0.4836029635658437,
    0.1257763852037767,
    0.6522546476319252,
    1.2090104751712605,
    -0.3034805776215716,
    0.2901783009107632
  ],
  "detection_info": {
    "pixel_coord": [
      211,
      297
    ],
    "camera_coord": [
      -0.32137733697891235,
      0.08650282770395279,
      0.6510000228881836
    ],
    "depth_meters": 0.6510000309208408,
    "method": "direct",
    "torso_z_deviation": 0.010510656675024183
  }
}