{
  "timestamp": "19700608_041740",
  "target_index": 26,
  "target_position_torso": [
    0.28868221480522943,
    0.20961429574966428,
    0.0797207620937215
  ],
  "joint_angles": [
    -0.23129466287184042,
    0.2801592698446097,
    0.08383994268336771,
    0.241975476728177,
    1.3145371371893129,
    -0.10605073656355561,
    0.10516361412908747
  ],
  "detection_info": {
    "pixel_coord": [
      236,
      290
    ],
    "camera_coord": [
      -0.2720842957496643,
      0.0728452205657959,
      0.6240000128746033
    ],
    "depth_meters": 0.6240000296384096
  }
}