{
  "timestamp": "19700610_061153",
  "target_index": 32,
  "target_position_torso": [
    0.30861920110480845,
    0.19816508749008177,
    0.07368580130224037
  ],
  "joint_angles": [
    -0.34036171888212075,
    0.28531712408794785,
    -0.005144480491249382,
    0.4041843714916735,
    1.2909401424848195,
    -0.03938478335002439,
    0.17848589593920489
  ],
  "detection_info": {
    "pixel_coord": [
      255,
      279
    ],
    "camera_coord": [
      -0.2506350874900818,
      0.0583917498588562,
      0.6390000581741333
    ],
    "depth_meters": 0.6390000303508714,
    "method": "direct",
    "torso_z_deviation": 0.006314198697759649
  }
}