{
  "timestamp": "19700610_041738",
  "target_index": 24,
  "target_position_torso": [
    0.32039614338251265,
    0.2742961130428314,
    0.07125811471717469
  ],
  "joint_angles": [
    -0.5284204340840785,
    0.5159655477169787,
    0.06919328644500335,
    0.9078368381375126,
    1.2142504666311207,
    -0.3394273547971819,
    0.40608637431642863
  ],
  "detection_info": {
    "pixel_coord": [
      216,
      287
    ],
    "camera_coord": [
      -0.3167661130428314,
      0.07215369492769241,
      0.6570000052452087
    ],
    "depth_meters": 0.6570000312058255,
    "method": "direct",
    "torso_z_deviation": 0.008741885282825296
  }
}