{
  "timestamp": "19700608_034959",
  "target_index": 31,
  "target_position_torso": [
    0.25558884282914157,
    0.2699181924152374,
    0.07954198551248495
  ],
  "joint_angles": [
    -0.08852675767115184,
    0.4938751436431629,
    0.16257462842372386,
    0.23880175359245567,
    1.118164103957049,
    -0.25312473798927415,
    0.17071608927154366
  ],
  "detection_info": {
    "pixel_coord": [
      188,
      312
    ],
    "camera_coord": [
      -0.3323881924152374,
      0.10181424021720886,
      0.6080000400543213
    ],
    "depth_meters": 0.6080000288784504
  }
}