{
  "timestamp": "19700608_062928",
  "target_index": 24,
  "target_position_torso": [
    0.2850243971494042,
    0.23121251562118528,
    0.08111206132118179
  ],
  "joint_angles": [
    -0.22172313541696295,
    0.3433909978940839,
    0.1316102517692581,
    0.27161249533737947,
    1.2667244299420788,
    -0.17468303605019514,
    0.11919567055359337
  ],
  "detection_info": {
    "pixel_coord": [
      220,
      292
    ],
    "camera_coord": [
      -0.2936825156211853,
      0.0753583014011383,
      0.6210000514984131
    ],
    "depth_meters": 0.6210000294959173
  }
}