{
  "timestamp": "19700610_062831",
  "target_index": 31,
  "target_position_torso": [
    0.2942604283141615,
    0.23282073834419248,
    0.0733202294904245
  ],
  "joint_angles": [
    -0.2776648907941369,
    0.35500058696366765,
    0.11181601207078776,
    0.392390075766522,
    1.2687573862293582,
    -0.180924961122071,
    0.18531413916405193
  ],
  "detection_info": {
    "pixel_coord": [
      225,
      306
    ],
    "camera_coord": [
      -0.2952907383441925,
      0.09832020848989487,
      0.64000004529953
    ],
    "depth_meters": 0.6400000303983688,
    "method": "direct",
    "torso_z_deviation": 0.0066797705095754945
  }
}