{
  "timestamp": "19700609_030350",
  "target_index": 25,
  "target_position_torso": [
    0.2805235448133566,
    0.2502559111404419,
    0.08088603983464096
  ],
  "joint_angles": [
    -0.2059012324506091,
    0.44312324033078104,
    0.1009834243685664,
    0.31000313559494064,
    1.1681735579260888,
    -0.1873678253142858,
    0.16036355275212594
  ],
  "detection_info": {
    "pixel_coord": [
      213,
      295
    ],
    "camera_coord": [
      -0.3027259111404419,
      0.07939669489860535,
      0.6190000176429749
    ],
    "depth_meters": 0.6190000294009224
  }
}