{
  "timestamp": "19700610_043806",
  "target_index": 25,
  "target_position_torso": [
    0.3168753102207234,
    0.19476716616630552,
    0.07222080401170017
  ],
  "joint_angles": [
    -0.38973932377317083,
    0.2747026235921689,
    -0.010395823074174831,
    0.47867760507238044,
    1.2989820072734237,
    -0.03746367330188122,
    0.20506626298779343
  ],
  "detection_info": {
    "pixel_coord": [
      254,
      292
    ],
    "camera_coord": [
      -0.25723716616630554,
      0.07912014424800873,
      0.6520000100135803
    ],
    "depth_meters": 0.6520000309683383,
    "method": "direct",
    "torso_z_deviation": 0.00777919598829982
  }
}