{
  "timestamp": "19700609_040130",
  "target_index": 25,
  "target_position_torso": [
    0.3248822224237918,
    0.2459361539173126,
    0.07017905228622426
  ],
  "joint_angles": [
    -0.4960881763708761,
    0.4179430893458669,
    0.07541933145700257,
    0.7726382431755948,
    1.2579706046170027,
    -0.24070225582827506,
    0.3355213335518257
  ],
  "detection_info": {
    "pixel_coord": [
      226,
      270
    ],
    "camera_coord": [
      -0.2984061539173126,
      0.045910418033599854,
      0.6500000357627869
    ],
    "depth_meters": 0.6500000308733433
  }
}