{
  "timestamp": "19700610_042902",
  "target_index": 24,
  "target_position_torso": [
    0.324464617461599,
    0.2578121910381317,
    0.0745911567862011
  ],
  "joint_angles": [
    -0.5078697061797486,
    0.4595261124482244,
    0.08263400396265622,
    0.8032637836630713,
    1.236818244197942,
    -0.2790251760596062,
    0.33940916203836125
  ],
  "detection_info": {
    "pixel_coord": [
      214,
      288
    ],
    "camera_coord": [
      -0.3202821910381317,
      0.07378046959638596,
      0.6580000519752502
    ],
    "depth_meters": 0.658000031253323,
    "method": "direct",
    "torso_z_deviation": 0.010408843213798896
  }
}