{
  "timestamp": "19700611_081135",
  "target_index": 25,
  "target_position_torso": [
    0.3555428461286979,
    0.21879844763755796,
    0.09981463748924702
  ],
  "joint_angles": [
    -0.6470931557778636,
    0.34815861228703815,
    0.08223716300694707,
    0.8000281527819566,
    1.3105388686193822,
    -0.1676673209183889,
    0.23307338111052037
  ],
  "detection_info": {
    "pixel_coord": [
      240,
      246
    ],
    "camera_coord": [
      -0.281268447637558,
      0.010084107518196106,
      0.659000039100647
    ],
    "depth_meters": 0.6590000313008204,
    "method": "direct",
    "torso_z_deviation": 0.00018536251075298993
  }
}