{
  "timestamp": "19700611_081021",
  "target_index": 31,
  "target_position_torso": [
    0.32250580977342974,
    0.22278897860527036,
    0.0985215656607521
  ],
  "joint_angles": [
    -0.4247432941510948,
    0.3371852592124852,
    0.11658592993524158,
    0.45106717157940945,
    1.2922760886610476,
    -0.1558172881648529,
    0.10283457996458631
  ],
  "detection_info": {
    "pixel_coord": [
      233,
      266
    ],
    "camera_coord": [
      -0.2852589786052704,
      0.03954795375466347,
      0.6440000534057617
    ],
    "depth_meters": 0.6440000305883586,
    "method": "direct",
    "torso_z_deviation": 0.0014784343392479082
  }
}