{
  "timestamp": "19700610_040351",
  "target_index": 25,
  "target_position_torso": [
    0.321180851897113,
    0.2044904218006134,
    0.07440538312803102
  ],
  "joint_angles": [
    -0.419238145569351,
    0.27721867452732285,
    0.061578970652428525,
    0.529735748751688,
    1.3325088615421758,
    -0.10459392226010539,
    0.20976781756756402
  ],
  "detection_info": {
    "pixel_coord": [
      256,
      287
    ],
    "camera_coord": [
      -0.2569604218006134,
      0.07237334549427032,
      0.659000039100647
    ],
    "depth_meters": 0.6590000313008204,
    "method": "direct",
    "torso_z_deviation": 0.01059461687196897
  }
}