{
  "timestamp": "19700609_040258",
  "target_index": 24,
  "target_position_torso": [
    0.3441470876577647,
    0.30561265209197996,
    0.07522640748631862
  ],
  "joint_angles": [
    -0.8280785140544056,
    0.5552476940564859,
    0.6869968860786564,
    1.4133645621050612,
    1.9713649627747527,
    -0.5401424638812374,
    0.6228866894979115
  ],
  "detection_info": {
    "pixel_coord": [
      188,
      257
    ],
    "camera_coord": [
      -0.35808265209198,
      0.026633206754922867,
      0.6550000309944153
    ],
    "depth_meters": 0.6550000311108306
  }
}