{
  "timestamp": "19700610_032144",
  "target_index": 32,
  "target_position_torso": [
    0.32273962410665424,
    0.23990139225006102,
    0.04950149811484575
  ],
  "joint_angles": [
    -0.5249684684485431,
    0.39416714380208123,
    0.03695812493520577,
    0.9163016896767016,
    1.2787897063930922,
    -0.23517625162998004,
    0.46273431769854784
  ],
  "detection_info": {
    "pixel_coord": [
      235,
      277
    ],
    "camera_coord": [
      -0.29237139225006104,
      0.057875003665685654,
      0.6670000553131104
    ],
    "depth_meters": 0.6670000316808,
    "method": "direct",
    "torso_z_deviation": 0.010498501885154249
  }
}