{
  "timestamp": "19700608_061448",
  "target_index": 30,
  "target_position_torso": [
    0.2533454332202793,
    0.23201434710502622,
    0.08172455090680633
  ],
  "joint_angles": [
    -0.048023305461544076,
    0.40604236338893784,
    0.06001997447392902,
    0.061345659105159656,
    1.1723964849561108,
    -0.09053326811462767,
    0.10325707093801212
  ],
  "detection_info": {
    "pixel_coord": [
      214,
      313
    ],
    "camera_coord": [
      -0.29448434710502625,
      0.10270662605762482,
      0.6050000190734863
    ],
    "depth_meters": 0.605000028735958
  }
}