{
  "timestamp": "19700608_062601",
  "target_index": 18,
  "target_position_torso": [
    0.31592872475363737,
    0.23051377037048337,
    0.0823579375510233
  ],
  "joint_angles": [
    -0.39820667159730455,
    0.35921074847004075,
    0.10456742110388344,
    0.5141699131569406,
    1.2780209841075854,
    -0.17962125295788417,
    0.18768850966939132
  ],
  "detection_info": {
    "pixel_coord": [
      225,
      272
    ],
    "camera_coord": [
      -0.2929837703704834,
      0.04777878522872925,
      0.6350000500679016
    ],
    "depth_meters": 0.6350000301608816
  }
}