{
  "timestamp": "19700611_080616",
  "target_index": 32,
  "target_position_torso": [
    0.3231900597288279,
    0.163051445274353,
    0.08725327900045654
  ],
  "joint_angles": [
    -0.4176344010598306,
    0.16532517075385936,
    -0.01518916330063314,
    0.39463700091520726,
    1.3952516818497784,
    0.03834914303518709,
    0.10626059137863943
  ],
  "detection_info": {
    "pixel_coord": [
      273,
      269
    ],
    "camera_coord": [
      -0.22552144527435303,
      0.04393362998962402,
      0.6430000066757202
    ],
    "depth_meters": 0.6430000305408612,
    "method": "direct",
    "torso_z_deviation": 0.002746720999543456
  }
}