{
  "timestamp": "19700608_023518",
  "target_index": 30,
  "target_position_torso": [
    0.21599638505338511,
    0.18628514209270475,
    0.09330083798331712
  ],
  "joint_angles": [
    0.1411441626250515,
    0.2244146803724059,
    0.0033878327628738946,
    -0.293588941339755,
    1.3474866085515502,
    -0.0015368172820719314,
    -0.03500037414668602
  ],
  "detection_info": {
    "pixel_coord": [
      245,
      334
    ],
    "camera_coord": [
      -0.24875514209270477,
      0.13068750500679016,
      0.5990000367164612
    ],
    "depth_meters": 0.5990000284509733
  }
}