{
  "timestamp": "19700608_025931",
  "target_index": 25,
  "target_position_torso": [
    0.27176896554380214,
    0.2730777154254913,
    0.10158270882764209
  ],
  "joint_angles": [
    -0.17149139715580142,
    0.5185643486026696,
    0.18111230500721184,
    0.2435656636043525,
    1.0941201116741628,
    -0.2522034224708321,
    0.07979913459482962
  ],
  "detection_info": {
    "pixel_coord": [
      190,
      294
    ],
    "camera_coord": [
      -0.33554771542549133,
      0.07796966284513474,
      0.6190000176429749
    ],
    "depth_meters": 0.6190000294009224
  }
}