{
  "timestamp": "19700608_065253",
  "target_index": 31,
  "target_position_torso": [
    0.2552467957946991,
    0.1800162331151962,
    0.08049645823715992
  ],
  "joint_angles": [
    -0.05303746729841565,
    0.20502032161734352,
    -0.016376518551218078,
    -0.03305823409295519,
    1.370144227913024,
    0.012629736332694038,
    0.036162939179312154
  ],
  "detection_info": {
    "pixel_coord": [
      259,
      312
    ],
    "camera_coord": [
      -0.23248623311519623,
      0.101646788418293,
      0.6070000529289246
    ],
    "depth_meters": 0.6070000288309529
  }
}