{
  "timestamp": "19700610_033714",
  "target_index": 27,
  "target_position_torso": [
    0.3518069995368801,
    0.18009945610046385,
    0.0597198118591975
  ],
  "joint_angles": [
    -0.6711188586828435,
    0.23011451782869538,
    -0.02870128055798518,
    0.9857208298877963,
    1.3209522289605224,
    -0.0520162947582027,
    0.4341282188422646
  ],
  "detection_info": {
    "pixel_coord": [
      277,
      260
    ],
    "camera_coord": [
      -0.23256945610046387,
      0.032400310039520264,
      0.6810000538825989
    ],
    "depth_meters": 0.6810000323457643,
    "method": "direct",
    "torso_z_deviation": 0.010280188140802476
  }
}