{
  "timestamp": "19700608_064751",
  "target_index": 26,
  "target_position_torso": [
    0.2854066809236252,
    0.12123361089706419,
    0.0801800964031443
  ],
  "joint_angles": [
    -0.2228697328608722,
    -0.0030366753984647694,
    -0.09241691619299501,
    0.14133382650693674,
    1.5618068751051135,
    0.12850035072350174,
    0.043450329413670594
  ],
  "detection_info": {
    "pixel_coord": [
      304,
      292
    ],
    "camera_coord": [
      -0.1737036108970642,
      0.0754796490073204,
      0.6220000386238098
    ],
    "depth_meters": 0.6220000295434147
  }
}