{
  "timestamp": "19700610_041521",
  "target_index": 31,
  "target_position_torso": [
    0.29528438153660264,
    0.21686781266212463,
    0.06981501586128591
  ],
  "joint_angles": [
    -0.2752518047215336,
    0.3052391654276665,
    0.08140332710610215,
    0.3693627450209451,
    1.302856751032625,
    -0.13169372042209299,
    0.18322601514467765
  ],
  "detection_info": {
    "pixel_coord": [
      251,
      303
    ],
    "camera_coord": [
      -0.25933781266212463,
      0.09477411955595016,
      0.6460000276565552
    ],
    "depth_meters": 0.6460000306833535,
    "method": "direct",
    "torso_z_deviation": 0.010184984138714076
  }
}