{
  "timestamp": "19700610_061936",
  "target_index": 25,
  "target_position_torso": [
    0.33832227898984557,
    0.2425625810909271,
    0.09342632184996635
  ],
  "joint_angles": [
    -0.5538190470259012,
    0.415299701278186,
    0.10196924453372865,
    0.7350895069710471,
    1.2641477226519025,
    -0.23086396903394207,
    0.23695595911175482
  ],
  "detection_info": {
    "pixel_coord": [
      220,
      258
    ],
    "camera_coord": [
      -0.3050325810909271,
      0.02771356888115406,
      0.6450000405311584
    ],
    "depth_meters": 0.6450000306358561,
    "method": "direct",
    "torso_z_deviation": 0.0034263218499663572
  }
}