{
  "timestamp": "19700610_061036",
  "target_index": 31,
  "target_position_torso": [
    0.30692708741736885,
    0.25072294333457945,
    0.07388513602824645
  ],
  "joint_angles": [
    -0.3719690796558068,
    0.42217528075457245,
    0.11488003005893103,
    0.5746204190465449,
    1.2393789916823277,
    -0.24231323529595886,
    0.25237330907098315
  ],
  "detection_info": {
    "pixel_coord": [
      219,
      280
    ],
    "camera_coord": [
      -0.30319294333457947,
      0.05977120250463486,
      0.6380000114440918
    ],
    "depth_meters": 0.6380000303033739,
    "method": "direct",
    "torso_z_deviation": 0.006114863971753565
  }
}