{
  "timestamp": "19700608_061846",
  "target_index": 30,
  "target_position_torso": [
    0.2549047326663695,
    0.22970696189880369,
    0.08145099025555361
  ],
  "joint_angles": [
    -0.055518555702628744,
    0.39744590099559457,
    0.05566324963337993,
    0.06489284947276253,
    1.181033574875273,
    -0.08553885850628508,
    0.10166440670939023
  ],
  "detection_info": {
    "pixel_coord": [
      216,
      312
    ],
    "camera_coord": [
      -0.2921769618988037,
      0.10147932171821594,
      0.6060000061988831
    ],
    "depth_meters": 0.6060000287834555
  }
}