{
  "timestamp": "19700608_060755",
  "target_index": 24,
  "target_position_torso": [
    0.27789793827324594,
    0.2288175413894653,
    0.07597982250929905
  ],
  "joint_angles": [
    -0.18348311023813052,
    0.33318545078115647,
    0.1234327424958889,
    0.2422698076051764,
    1.2713683598197956,
    -0.16668945169460794,
    0.13215577954913932
  ],
  "detection_info": {
    "pixel_coord": [
      222,
      298
    ],
    "camera_coord": [
      -0.29128754138946533,
      0.08408334106206894,
      0.6220000386238098
    ],
    "depth_meters": 0.6220000295434147
  }
}