{
  "timestamp": "19700610_032355",
  "target_index": 31,
  "target_position_torso": [
    0.3149450919364768,
    0.29365417221069334,
    0.052016345705699046
  ],
  "joint_angles": [
    -0.7394143046791686,
    0.5195335678104913,
    0.6562795736224817,
    1.4143082446871251,
    1.9674595809301445,
    -0.5208292751409904,
    0.7271246195251373
  ],
  "detection_info": {
    "pixel_coord": [
      198,
      281
    ],
    "camera_coord": [
      -0.34612417221069336,
      0.06344982981681824,
      0.6610000133514404
    ],
    "depth_meters": 0.6610000313958153,
    "method": "direct",
    "torso_z_deviation": 0.007983654294300951
  }
}