{
  "timestamp": "19700610_033509",
  "target_index": 27,
  "target_position_torso": [
    0.36002800843495275,
    0.18585462728023527,
    0.055881090864854266
  ],
  "joint_angles": [
    -0.8897403115746103,
    0.22011339700253155,
    0.34774490619957427,
    1.4291071176000472,
    1.7003273370903582,
    -0.15239281475792626,
    0.6516868630523331
  ],
  "detection_info": {
    "pixel_coord": [
      274,
      255
    ],
    "camera_coord": [
      -0.2383246272802353,
      0.02465861849486828,
      0.6840000152587891
    ],
    "depth_meters": 0.6840000324882567,
    "method": "direct",
    "torso_z_deviation": 0.009118909135145709
  }
}