{
  "timestamp": "19700608_063112",
  "target_index": 25,
  "target_position_torso": [
    0.2854066809236252,
    0.17002557614326474,
    0.0801800964031443
  ],
  "joint_angles": [
    -0.20908972236388554,
    0.17234806743621767,
    -0.02027952726381835,
    0.14726823076766743,
    1.3982422427850252,
    0.027436041306614718,
    0.06370862573673854
  ],
  "detection_info": {
    "pixel_coord": [
      263,
      292
    ],
    "camera_coord": [
      -0.23249557614326477,
      0.0754796490073204,
      0.6220000386238098
    ],
    "depth_meters": 0.6220000295434147
  }
}