{
  "timestamp": "19700611_072725",
  "target_index": 31,
  "target_position_torso": [
    0.32794040521079204,
    0.22174494364738462,
    0.08761886307374189
  ],
  "joint_angles": [
    -0.46295070103960706,
    0.33747619921405064,
    0.09389436165689914,
    0.5651375902810724,
    1.2979831190026485,
    -0.1575792445826009,
    0.18240088091163498
  ],
  "detection_info": {
    "pixel_coord": [
      234,
      266
    ],
    "camera_coord": [
      -0.28421494364738464,
      0.039609361439943314,
      0.6450000405311584
    ],
    "depth_meters": 0.6450000306358561,
    "method": "direct",
    "torso_z_deviation": 0.002381136926258104
  }
}