{
  "timestamp": "19700610_062400",
  "target_index": 32,
  "target_position_torso": [
    0.31164721629141134,
    0.18297501304626462,
    0.0876713112501949
  ],
  "joint_angles": [
    -0.3500130799127685,
    0.2338507365130652,
    -0.0021964245408410354,
    0.31879664292168675,
    1.3383350924700088,
    -0.00013450527951302705,
    0.09033806597902193
  ],
  "detection_info": {
    "pixel_coord": [
      258,
      276
    ],
    "camera_coord": [
      -0.24544501304626465,
      0.05380339175462723,
      0.6370000243186951
    ],
    "depth_meters": 0.6370000302558765,
    "method": "direct",
    "torso_z_deviation": 0.0023286887498051023
  }
}