{
  "timestamp": "19700607_072234",
  "target_index": 32,
  "target_position_torso": [
    0.28820702875164717,
    0.23789601424217222,
    0.09931968404037828
  ],
  "joint_angles": [
    -0.2361655366750212,
    0.40636057189514235,
    0.11023445364622278,
    0.22007852054452015,
    1.1919402740849199,
    -0.14576948558579989,
    0.05072239032197333
  ],
  "detection_info": {
    "pixel_coord": [
      218,
      284
    ],
    "camera_coord": [
      -0.30036601424217224,
      0.06472838670015335,
      0.6290000081062317
    ],
    "depth_meters": 0.6290000298758969
  }
}