{
  "timestamp": "19700608_065002",
  "target_index": 19,
  "target_position_torso": [
    0.3167737690328274,
    0.181226773648262,
    0.08053902514688874
  ],
  "joint_angles": [
    -0.3813438188006112,
    0.22723925732892528,
    -0.008885852513878573,
    0.39998776785973766,
    1.3415236829227695,
    -0.0018540014491024428,
    0.1411534132192372
  ],
  "detection_info": {
    "pixel_coord": [
      266,
      272
    ],
    "camera_coord": [
      -0.23369677364826202,
      0.04792926833033562,
      0.6370000243186951
    ],
    "depth_meters": 0.6370000302558765
  }
}