{
  "timestamp": "19700611_071645",
  "target_index": 31,
  "target_position_torso": [
    0.31160298712788426,
    0.21216448047637937,
    0.08420907629445495
  ],
  "joint_angles": [
    -0.35887925444035096,
    0.29772751564151473,
    0.08693648137117246,
    0.402956117554176,
    1.3130310827514076,
    -0.12026945148076361,
    0.13508527250304167
  ],
  "detection_info": {
    "pixel_coord": [
      239,
      277
    ],
    "camera_coord": [
      -0.2746344804763794,
      0.05553223565220833,
      0.64000004529953
    ],
    "depth_meters": 0.6400000303983688,
    "method": "direct",
    "torso_z_deviation": 0.005790923705545042
  }
}