{
  "timestamp": "19700610_042757",
  "target_index": 30,
  "target_position_torso": [
    0.29496866572738994,
    0.25594439008712766,
    0.0764247894525234
  ],
  "joint_angles": [
    -0.3022642846179179,
    0.43060821143546285,
    0.14441986816414132,
    0.4764585699389911,
    1.2245685494032164,
    -0.25597646589656875,
    0.21362939931617103
  ],
  "detection_info": {
    "pixel_coord": [
      210,
      306
    ],
    "camera_coord": [
      -0.3184143900871277,
      0.09862744808197021,
      0.6420000195503235
    ],
    "depth_meters": 0.6420000304933637,
    "method": "direct",
    "torso_z_deviation": 0.008575210547476592
  }
}