{
  "timestamp": "19700607_052254",
  "target_index": 26,
  "target_position_torso": [
    0.3408531033626738,
    0.122124988822937,
    0.09210272900526995
  ],
  "joint_angles": [
    -0.5427664613818097,
    0.04249342873340146,
    -0.04889937921993664,
    0.5292728261802876,
    1.4749060965035645,
    0.1388749762388116,
    0.12739890502242582
  ],
  "detection_info": {
    "pixel_coord": [
      304,
      254
    ],
    "camera_coord": [
      -0.184594988822937,
      0.022305594757199287,
      0.6610000133514404
    ],
    "depth_meters": 0.6610000313958153
  }
}