{
  "timestamp": "19700610_033108",
  "target_index": 31,
  "target_position_torso": [
    0.3365398919429537,
    0.3035312876987457,
    0.057637919307438557
  ],
  "joint_angles": [
    -0.7830409585199671,
    0.5344723996469382,
    0.6731716842184632,
    1.413752843629165,
    1.9716374444955198,
    -0.5281497969973135,
    0.6765714057963411
  ],
  "detection_info": {
    "pixel_coord": [
      195,
      268
    ],
    "camera_coord": [
      -0.3560012876987457,
      0.04429984465241432,
      0.6710000038146973
    ],
    "depth_meters": 0.6710000318707898,
    "method": "direct",
    "torso_z_deviation": 0.007362080692561418
  }
}