{
  "timestamp": "19700611_074236",
  "target_index": 31,
  "target_position_torso": [
    0.32405319993624343,
    0.22190304496765134,
    0.08888191473016083
  ],
  "joint_angles": [
    -0.4374581930012916,
    0.3355953326261984,
    0.09918263682717694,
    0.5190385928302399,
    1.2961800303849884,
    -0.15546082569637662,
    0.16135697031438379
  ],
  "detection_info": {
    "pixel_coord": [
      233,
      268
    ],
    "camera_coord": [
      -0.28437304496765137,
      0.042385246604681015,
      0.6420000195503235
    ],
    "depth_meters": 0.6420000304933637,
    "method": "direct",
    "torso_z_deviation": 0.0011180852698391697
  }
}