{
  "timestamp": "19700610_042652",
  "target_index": 30,
  "target_position_torso": [
    0.29697263588967415,
    0.2569363305854797,
    0.07525409387220139
  ],
  "joint_angles": [
    -0.31663051398959136,
    0.4357541989356204,
    0.1390130195213159,
    0.505967910931745,
    1.22410893837175,
    -0.2596910597621598,
    0.22843666689232037
  ],
  "detection_info": {
    "pixel_coord": [
      210,
      305
    ],
    "camera_coord": [
      -0.31940633058547974,
      0.09745004028081894,
      0.6440000534057617
    ],
    "depth_meters": 0.6440000305883586,
    "method": "direct",
    "torso_z_deviation": 0.009745906127798604
  }
}