{
  "timestamp": "19700610_043905",
  "target_index": 31,
  "target_position_torso": [
    0.2920351723778462,
    0.19486056664466855,
    0.07092964739993979
  ],
  "joint_angles": [
    -0.24733069937659008,
    0.2688043211007634,
    -0.007229549278839122,
    0.28237372252827553,
    1.30556092664203,
    -0.024372386298335137,
    0.1526825711570349
  ],
  "detection_info": {
    "pixel_coord": [
      251,
      308
    ],
    "camera_coord": [
      -0.2573305666446686,
      0.10142933577299118,
      0.6410000324249268
    ],
    "depth_meters": 0.6410000304458663,
    "method": "direct",
    "torso_z_deviation": 0.0090703526000602
  }
}