{
  "timestamp": "19700611_080205",
  "target_index": 31,
  "target_position_torso": [
    0.32663659630243624,
    0.21190304496765136,
    0.09032702649115942
  ],
  "joint_angles": [
    -0.44617827733151777,
    0.30490095314644405,
    0.08770309204205869,
    0.502445895590103,
    1.3159849674140993,
    -0.1254333214360889,
    0.14613689805185906
  ],
  "detection_info": {
    "pixel_coord": [
      233,
      266
    ],
    "camera_coord": [
      -0.28437304496765137,
      0.03942513093352318,
      0.6420000195503235
    ],
    "depth_meters": 0.6420000304933637,
    "method": "direct",
    "torso_z_deviation": 0.0003270264911594267
  }
}