{
  "timestamp": "19700611_081858",
  "target_index": 31,
  "target_position_torso": [
    0.35029466493446976,
    0.2168973276901245,
    0.07143605345401716
  ],
  "joint_angles": [
    -0.6627964886300076,
    0.3355709787060964,
    0.044692595413669364,
    0.9766870326202104,
    1.3193657191500558,
    -0.17610975392649417,
    0.4005775236339718
  ],
  "detection_info": {
    "pixel_coord": [
      244,
      272
    ],
    "camera_coord": [
      -0.2793673276901245,
      0.050337016582489014,
      0.6690000295639038
    ],
    "depth_meters": 0.6690000317757949,
    "method": "direct",
    "torso_z_deviation": 0.008563946545982831
  }
}