{
  "timestamp": "19700607_065238",
  "target_index": 32,
  "target_position_torso": [
    0.330614022060504,
    0.25838925340652463,
    0.09554168255806672
  ],
  "joint_angles": [
    -0.520941455231571,
    0.4647168717708127,
    0.12166200253339438,
    0.7167683414668421,
    1.2325932678665856,
    -0.27695976510819237,
    0.2302224812100846
  ],
  "detection_info": {
    "pixel_coord": [
      212,
      259
    ],
    "camera_coord": [
      -0.32085925340652466,
      0.02956272102892399,
      0.6530000567436218
    ],
    "depth_meters": 0.6530000310158357
  }
}