{
  "timestamp": "19700610_041413",
  "target_index": 30,
  "target_position_torso": [
    0.2886769610419116,
    0.2759443900871277,
    0.07070222993469266
  ],
  "joint_angles": [
    -0.29990107590243437,
    0.4952018209657064,
    0.15497818933941893,
    0.569534869385338,
    1.1935755623885131,
    -0.3245418009569168,
    0.2821805550588813
  ],
  "detection_info": {
    "pixel_coord": [
      210,
      307
    ],
    "camera_coord": [
      -0.3184143900871277,
      0.10010751336812973,
      0.6420000195503235
    ],
    "depth_meters": 0.6420000304933637,
    "method": "direct",
    "torso_z_deviation": 0.009297770065307326
  }
}