{
  "timestamp": "19700610_033316",
  "target_index": 33,
  "target_position_torso": [
    0.3324897500191967,
    0.18441888549804686,
    0.05537233288627319
  ],
  "joint_angles": [
    -0.5154663966964326,
    0.24190908493249932,
    -0.042488492297115786,
    0.7491279831060442,
    1.3082850560193235,
    -0.031738225530328665,
    0.3558826351026072
  ],
  "detection_info": {
    "pixel_coord": [
      272,
      271
    ],
    "camera_coord": [
      -0.23688888549804688,
      0.048940591514110565,
      0.6710000038146973
    ],
    "depth_meters": 0.6710000318707898,
    "method": "direct",
    "torso_z_deviation": 0.009627667113726784
  }
}