{
  "timestamp": "19700610_042220",
  "target_index": 24,
  "target_position_torso": [
    0.31985495118472845,
    0.2567796597766876,
    0.0686636948844237
  ],
  "joint_angles": [
    -0.48230724754058196,
    0.4527506169361969,
    0.07840466095727613,
    0.790369364303175,
    1.2381795392388102,
    -0.274230476219801,
    0.35514151763395346
  ],
  "detection_info": {
    "pixel_coord": [
      215,
      288
    ],
    "camera_coord": [
      -0.3192496597766876,
      0.07389259338378906,
      0.659000039100647
    ],
    "depth_meters": 0.6590000313008204,
    "method": "direct",
    "torso_z_deviation": 0.01133630511557629
  }
}