{
  "timestamp": "19700608_034143",
  "target_index": 31,
  "target_position_torso": [
    0.24524679579469913,
    0.2693714986133575,
    0.08049645823715992
  ],
  "joint_angles": [
    -0.02443757376256494,
    0.5429938866741278,
    0.10417385865753195,
    0.16420756974593362,
    1.050162614572831,
    -0.19047436347473173,
    0.18226774781788438
  ],
  "detection_info": {
    "pixel_coord": [
      188,
      312
    ],
    "camera_coord": [
      -0.33184149861335754,
      0.101646788418293,
      0.6070000529289246
    ],
    "depth_meters": 0.6070000288309529
  }
}