{
  "timestamp": "19700611_074758",
  "target_index": 31,
  "target_position_torso": [
    0.32794040521079204,
    0.2232319007205963,
    0.08761886307374189
  ],
  "joint_angles": [
    -0.46419457347911264,
    0.3423628738954449,
    0.09528268528201844,
    0.5706188272875008,
    1.295190021140763,
    -0.1622497573156873,
    0.1850514027097165
  ],
  "detection_info": {
    "pixel_coord": [
      233,
      266
    ],
    "camera_coord": [
      -0.2857019007205963,
      0.039609361439943314,
      0.6450000405311584
    ],
    "depth_meters": 0.6450000306358561,
    "method": "direct",
    "torso_z_deviation": 0.002381136926258104
  }
}