{
  "timestamp": "19700611_073109",
  "target_index": 31,
  "target_position_torso": [
    0.32276150175314705,
    0.22338308790206907,
    0.08815935884966164
  ],
  "joint_angles": [
    -0.4309365511441926,
    0.3396372649022502,
    0.10073933702535627,
    0.5162500035208347,
    1.2930604116373863,
    -0.15956429493405436,
    0.1636377283662888
  ],
  "detection_info": {
    "pixel_coord": [
      232,
      269
    ],
    "camera_coord": [
      -0.2858530879020691,
      0.043865304440259933,
      0.6420000195503235
    ],
    "depth_meters": 0.6420000304933637,
    "method": "direct",
    "torso_z_deviation": 0.0018406411503383568
  }
}