{
  "timestamp": "19700610_041919",
  "target_index": 24,
  "target_position_torso": [
    0.319464617461599,
    0.28629522302627564,
    0.06459115678620109
  ],
  "joint_angles": [
    -0.6068591859010605,
    0.5592215997835913,
    0.018891691803183848,
    1.1188351461791697,
    1.2136633404754489,
    -0.4027828454116826,
    0.5333864502162827
  ],
  "detection_info": {
    "pixel_coord": [
      215,
      288
    ],
    "camera_coord": [
      -0.31876522302627563,
      0.07378046959638596,
      0.6580000519752502
    ],
    "depth_meters": 0.658000031253323,
    "method": "direct",
    "torso_z_deviation": 0.010408843213798896
  }
}