{
  "timestamp": "19700611_071443",
  "target_index": 31,
  "target_position_torso": [
    0.3078022992969561,
    0.21821977594375608,
    0.0855205244636752
  ],
  "joint_angles": [
    -0.3395515089822251,
    0.3147843714243843,
    0.10018128864871279,
    0.38115046755785637,
    1.2993681813464433,
    -0.13745701527908283,
    0.1260418358573694
  ],
  "detection_info": {
    "pixel_coord": [
      234,
      279
    ],
    "camera_coord": [
      -0.2806897759437561,
      0.05820898711681366,
      0.6370000243186951
    ],
    "depth_meters": 0.6370000302558765,
    "method": "direct",
    "torso_z_deviation": 0.004479475536324801
  }
}