{
  "timestamp": "19700611_080746",
  "target_index": 32,
  "target_position_torso": [
    0.3181900597288279,
    0.16156907775878904,
    0.09725327900045655
  ],
  "joint_angles": [
    -0.3890467882931725,
    0.16340983262871175,
    -0.018001255065015456,
    0.2966693454504607,
    1.4007086557445092,
    0.05068834036799181,
    0.037689520853742595
  ],
  "detection_info": {
    "pixel_coord": [
      274,
      269
    ],
    "camera_coord": [
      -0.22403907775878906,
      0.04393362998962402,
      0.6430000066757202
    ],
    "depth_meters": 0.6430000305408612,
    "method": "direct",
    "torso_z_deviation": 0.002746720999543456
  }
}