{
  "timestamp": "19700608_041118",
  "target_index": 26,
  "target_position_torso": [
    0.2866581423669431,
    0.2101761887359619,
    0.08088014447700612
  ],
  "joint_angles": [
    -0.22042135366994456,
    0.28098754584758306,
    0.08717602472455532,
    0.2225482812022055,
    1.3125983125770113,
    -0.10736305815110567,
    0.0958060823026842
  ],
  "detection_info": {
    "pixel_coord": [
      235,
      291
    ],
    "camera_coord": [
      -0.2726461887359619,
      0.07404569536447525,
      0.6220000386238098
    ],
    "depth_meters": 0.6220000295434147
  }
}