{
  "timestamp": "19700610_042105",
  "target_index": 24,
  "target_position_torso": [
    0.33546406899442477,
    0.2595996747303009,
    0.062082779447398484
  ],
  "joint_angles": [
    -0.6857163766569034,
    0.47374410696107927,
    0.003954257623658895,
    1.1846229513648967,
    1.2582152859662195,
    -0.3264694547867918,
    0.5505362912725066
  ],
  "detection_info": {
    "pixel_coord": [
      216,
      279
    ],
    "camera_coord": [
      -0.3220696747303009,
      0.06104176491498947,
      0.6680000424385071
    ],
    "depth_meters": 0.6680000317282975,
    "method": "direct",
    "torso_z_deviation": 0.0129172205526015
  }
}