{
  "timestamp": "19700607_071542",
  "target_index": 32,
  "target_position_torso": [
    0.14762569191020355,
    0.06612573960304259,
    0.43432287193733676
  ],
  "joint_angles": [
    -1.489330800832839,
    -0.19910574151617316,
    0.24148334468315533,
    -0.38910657506803,
    1.9722220539999997,
    -0.10591514702306964,
    -1.6144295579999999
  ],
  "detection_info": {
    "pixel_coord": [
      218,
      286
    ],
    "camera_coord": [
      -0.1285957396030426,
      0.02387196570634842,
      0.2680000066757202
    ],
    "depth_meters": 0.26800001272931695
  }
}