{
  "timestamp": "19700610_062053",
  "target_index": 24,
  "target_position_torso": [
    0.3387729678226428,
    0.3026066611099243,
    0.09253262165814502
  ],
  "joint_angles": [
    -0.8554916693070308,
    0.5749872767218017,
    0.6929583720640351,
    1.4132858747183175,
    1.9668865188319649,
    -0.5537763129180805,
    0.5878595283839689
  ],
  "detection_info": {
    "pixel_coord": [
      180,
      258
    ],
    "camera_coord": [
      -0.3650766611099243,
      0.02775653637945652,
      0.6460000276565552
    ],
    "depth_meters": 0.6460000306833535,
    "method": "direct",
    "torso_z_deviation": 0.0025326216581450234
  }
}