{
  "timestamp": "19700610_040608",
  "target_index": 30,
  "target_position_torso": [
    0.2932683525448428,
    0.2639670059967041,
    0.07597889762349919
  ],
  "joint_angles": [
    -0.3029926212294787,
    0.45653993719585745,
    0.15278325153666097,
    0.5055250342945439,
    1.210529332512462,
    -0.2827745642881432,
    0.23048384396267613
  ],
  "detection_info": {
    "pixel_coord": [
      212,
      304
    ],
    "camera_coord": [
      -0.3164370059967041,
      0.09596537798643112,
      0.6440000534057617
    ],
    "depth_meters": 0.6440000305883586,
    "method": "direct",
    "torso_z_deviation": 0.009021102376500806
  }
}