{
  "timestamp": "19700608_063804",
  "target_index": 25,
  "target_position_torso": [
    0.2854066809236252,
    0.18289348342895506,
    0.0801800964031443
  ],
  "joint_angles": [
    -0.20834475053813742,
    0.22446219107357332,
    -0.010240762901953717,
    0.1626354476324715,
    1.348103700897885,
    0.006454023135473779,
    0.0767440438533717
  ],
  "detection_info": {
    "pixel_coord": [
      261,
      292
    ],
    "camera_coord": [
      -0.23536348342895508,
      0.0754796490073204,
      0.6220000386238098
    ],
    "depth_meters": 0.6220000295434147
  }
}