{
  "timestamp": "19700608_065113",
  "target_index": 25,
  "target_position_torso": [
    0.2850243971494042,
    0.1810834393787384,
    0.08111206132118179
  ],
  "joint_angles": [
    -0.20633296171353332,
    0.2175721178404059,
    -0.011375056148631359,
    0.15249056114872886,
    1.3548331613067608,
    0.010279578701932388,
    0.06918398656607387
  ],
  "detection_info": {
    "pixel_coord": [
      262,
      292
    ],
    "camera_coord": [
      -0.2335534393787384,
      0.0753583014011383,
      0.6210000514984131
    ],
    "depth_meters": 0.6210000294959173
  }
}