{
  "timestamp": "19700611_071243",
  "target_index": 31,
  "target_position_torso": [
    0.3025892649138163,
    0.21954171755790708,
    0.07916694023187332
  ],
  "joint_angles": [
    -0.3130185187976263,
    0.31669530310288957,
    0.09556540672029498,
    0.379314802458841,
    1.2965405099070202,
    -0.1406358207034321,
    0.1506922990304927
  ],
  "detection_info": {
    "pixel_coord": [
      234,
      284
    ],
    "camera_coord": [
      -0.2820117175579071,
      0.06586036831140518,
      0.64000004529953
    ],
    "depth_meters": 0.6400000303983688,
    "method": "direct",
    "torso_z_deviation": 0.01083305976812668
  }
}