{
  "timestamp": "19700610_031644",
  "target_index": 31,
  "target_position_torso": [
    0.28493204234130276,
    0.302392242937088,
    0.058143955938944974
  ],
  "joint_angles": [
    -0.36978259961808946,
    0.589026417247234,
    0.11576788488682273,
    0.8378589540568083,
    1.1796319440641365,
    -0.4309690336982126,
    0.45477928954609315
  ],
  "detection_info": {
    "pixel_coord": [
      185,
      298
    ],
    "camera_coord": [
      -0.354862242937088,
      0.08665180206298828,
      0.6410000324249268
    ],
    "depth_meters": 0.6410000304458663,
    "method": "direct",
    "torso_z_deviation": 0.0018560440610550233
  }
}