{
  "timestamp": "19700608_061315",
  "target_index": 24,
  "target_position_torso": [
    0.28077508198043016,
    0.22928585508346555,
    0.07644344344806234
  ],
  "joint_angles": [
    -0.19905513856734813,
    0.33586461006018126,
    0.12324985820320498,
    0.26119264096202477,
    1.271283935769001,
    -0.16842699016598636,
    0.13496913637899574
  ],
  "detection_info": {
    "pixel_coord": [
      222,
      296
    ],
    "camera_coord": [
      -0.2917558550834656,
      0.08134602010250092,
      0.6230000257492065
    ],
    "depth_meters": 0.6230000295909122
  }
}