{
  "timestamp": "19700608_035517",
  "target_index": 25,
  "target_position_torso": [
    0.2866581423669431,
    0.2704020927238464,
    0.08088014447700612
  ],
  "joint_angles": [
    -0.2622338363868413,
    0.5176530839374874,
    0.10043499135952962,
    0.45169852996849585,
    1.1212975259753146,
    -0.25238656476556004,
    0.2192525525482615
  ],
  "detection_info": {
    "pixel_coord": [
      193,
      291
    ],
    "camera_coord": [
      -0.33287209272384644,
      0.07404569536447525,
      0.6220000386238098
    ],
    "depth_meters": 0.6220000295434147
  }
}