{
  "timestamp": "19700607_064439",
  "target_index": 32,
  "target_position_torso": [
    0.33106270003166954,
    0.25888060429573057,
    0.09464685752151314
  ],
  "joint_angles": [
    -0.5263614029965145,
    0.46694981521645834,
    0.11833801127402004,
    0.7317025306069288,
    1.2324664614008212,
    -0.2794212042094346,
    0.23966223327830571
  ],
  "detection_info": {
    "pixel_coord": [
      212,
      259
    ],
    "camera_coord": [
      -0.3213506042957306,
      0.029607992619276047,
      0.6540000438690186
    ],
    "depth_meters": 0.6540000310633332
  }
}