{
  "timestamp": "19700611_070109",
  "target_index": 31,
  "target_position_torso": [
    0.2819308780973208,
    0.23443721631050107,
    0.07329825849573823
  ],
  "joint_angles": [
    -0.21001772026495347,
    0.35308041168991267,
    0.125795337299281,
    0.3051496750255953,
    1.261967408670612,
    -0.18487963112960318,
    0.16268853594033897
  ],
  "detection_info": {
    "pixel_coord": [
      222,
      314
    ],
    "camera_coord": [
      -0.2969072163105011,
      0.1090913638472557,
      0.6340000033378601
    ],
    "depth_meters": 0.6340000301133841,
    "method": "direct",
    "torso_z_deviation": 0.0067017415042617545
  }
}