{
  "timestamp": "19700608_063539",
  "target_index": 26,
  "target_position_torso": [
    0.2850243971494042,
    0.1109543482351303,
    0.08111206132118179
  ],
  "joint_angles": [
    -0.22609702210568544,
    -0.039200603573625696,
    -0.10865401965261495,
    0.143139289260248,
    1.5953945991517045,
    0.15053399344940732,
    0.038336970901414656
  ],
  "detection_info": {
    "pixel_coord": [
      304,
      292
    ],
    "camera_coord": [
      -0.1734243482351303,
      0.0753583014011383,
      0.6210000514984131
    ],
    "depth_meters": 0.6210000294959173
  }
}