{
  "timestamp": "19700610_040229",
  "target_index": 25,
  "target_position_torso": [
    0.3400556293886332,
    0.2106852219390869,
    0.07300011319992217
  ],
  "joint_angles": [
    -0.5572517619154863,
    0.30741508005425916,
    0.05695167770654917,
    0.7715108558517672,
    1.3252246468648707,
    -0.13982069682428794,
    0.3070826167771692
  ],
  "detection_info": {
    "pixel_coord": [
      254,
      279
    ],
    "camera_coord": [
      -0.2631552219390869,
      0.0609503872692585,
      0.6670000553131104
    ],
    "depth_meters": 0.6670000316808,
    "method": "direct",
    "torso_z_deviation": 0.011999886800077825
  }
}