{
  "timestamp": "19700610_040812",
  "target_index": 30,
  "target_position_torso": [
    0.2827254378525009,
    0.26443478324890135,
    0.07924795979817756
  ],
  "joint_angles": [
    -0.23312023880792085,
    0.49366298696487004,
    0.1036421075338899,
    0.40018161747738923,
    1.135598006259812,
    -0.2328911863874507,
    0.20500133032273116
  ],
  "detection_info": {
    "pixel_coord": [
      209,
      310
    ],
    "camera_coord": [
      -0.31690478324890137,
      0.1035706102848053,
      0.6360000371932983
    ],
    "depth_meters": 0.636000030208379,
    "method": "direct",
    "torso_z_deviation": 0.005752040201822434
  }
}