{
  "timestamp": "19700610_043540",
  "target_index": 30,
  "target_position_torso": [
    0.29532278118281313,
    0.2549579928207397,
    0.07047706761490702
  ],
  "joint_angles": [
    -0.30890341583291736,
    0.42919355720056696,
    0.12833500146883695,
    0.5136458057850458,
    1.2282387491021103,
    -0.2528769369959852,
    0.2486710734018221
  ],
  "detection_info": {
    "pixel_coord": [
      211,
      306
    ],
    "camera_coord": [
      -0.31742799282073975,
      0.09878107160329819,
      0.6430000066757202
    ],
    "depth_meters": 0.6430000305408612,
    "method": "direct",
    "torso_z_deviation": 0.00952293238509297
  }
}