{
  "timestamp": "19700611_072944",
  "target_index": 31,
  "target_position_torso": [
    0.3236226294733355,
    0.22146012285232541,
    0.08978686882530085
  ],
  "joint_angles": [
    -0.43393033657134916,
    0.3338803620456637,
    0.1004219675045868,
    0.5077889232073057,
    1.2967272407192147,
    -0.15364321379075932,
    0.15391163814930017
  ],
  "detection_info": {
    "pixel_coord": [
      233,
      268
    ],
    "camera_coord": [
      -0.28393012285232544,
      0.04231922701001167,
      0.6410000324249268
    ],
    "depth_meters": 0.6410000304458663,
    "method": "direct",
    "torso_z_deviation": 0.00021313117469914933
  }
}