{
  "timestamp": "19700610_035029",
  "target_index": 25,
  "target_position_torso": [
    0.289454854898849,
    0.17286169388771055,
    0.07786127961751924
  ],
  "joint_angles": [
    -0.2304041864950804,
    0.1835196675863257,
    -0.016863597301406224,
    0.19091450846561278,
    1.3865371711402887,
    0.02027870396336596,
    0.0854410155383879
  ],
  "detection_info": {
    "pixel_coord": [
      269,
      290
    ],
    "camera_coord": [
      -0.22533169388771057,
      0.0730786994099617,
      0.6260000467300415
    ],
    "depth_meters": 0.6260000297334045,
    "method": "direct",
    "torso_z_deviation": 0.017861279617519238
  }
}