{
  "timestamp": "19700608_025151",
  "target_index": 31,
  "target_position_torso": [
    0.24191896345558125,
    0.2699181924152374,
    0.09748911204963584
  ],
  "joint_angles": [
    0.0021111912038403306,
    0.5677435559196159,
    0.12491129292852325,
    0.0593706288935707,
    1.0102199698115735,
    -0.16224839043410666,
    0.10199499794569976
  ],
  "detection_info": {
    "pixel_coord": [
      188,
      315
    ],
    "camera_coord": [
      -0.3323881924152374,
      0.1060192734003067,
      0.6080000400543213
    ],
    "depth_meters": 0.6080000288784504
  }
}