{
  "timestamp": "19700611_081502",
  "target_index": 26,
  "target_position_torso": [
    0.3470542133713623,
    0.15971012809753415,
    0.09964953067172955
  ],
  "joint_angles": [
    -0.5615847034232171,
    0.1682486906793119,
    -0.003063730553021405,
    0.5511930117523867,
    1.3891334576031866,
    0.037595856014757935,
    0.11990206821504573
  ],
  "detection_info": {
    "pixel_coord": [
      278,
      251
    ],
    "camera_coord": [
      -0.22218012809753418,
      0.01757303811609745,
      0.6550000309944153
    ],
    "depth_meters": 0.6550000311108306,
    "method": "direct",
    "torso_z_deviation": 0.0003504693282704585
  }
}