{
  "timestamp": "19700611_081356",
  "target_index": 26,
  "target_position_torso": [
    0.3465894387535706,
    0.1578632036733627,
    0.1005353514944286
  ],
  "joint_angles": [
    -0.5587753044072579,
    0.16761067429968213,
    -0.015477979541153972,
    0.5394849747101439,
    1.3837210617844955,
    0.04974144919819599,
    0.11308489241816619
  ],
  "detection_info": {
    "pixel_coord": [
      279,
      251
    ],
    "camera_coord": [
      -0.22033320367336273,
      0.017546210438013077,
      0.6540000438690186
    ],
    "depth_meters": 0.6540000310633332,
    "method": "direct",
    "torso_z_deviation": 0.0005353514944285986
  }
}