{
  "timestamp": "19700608_064854",
  "target_index": 20,
  "target_position_torso": [
    0.31635124526763686,
    0.12074465909481047,
    0.08144848043962308
  ],
  "joint_angles": [
    -0.3994800341504304,
    0.049547529725030404,
    -0.12332199199821295,
    0.36745408842684746,
    1.4644751996598828,
    0.18016528815246727,
    0.1089447513333132
  ],
  "detection_info": {
    "pixel_coord": [
      307,
      272
    ],
    "camera_coord": [
      -0.17321465909481049,
      0.04785402864217758,
      0.6360000371932983
    ],
    "depth_meters": 0.636000030208379
  }
}