{
  "timestamp": "19700608_064132",
  "target_index": 27,
  "target_position_torso": [
    0.2850243971494042,
    0.0608252496409416,
    0.08111206132118179
  ],
  "joint_angles": [
    -0.26472956036886947,
    -0.22126560954185845,
    -0.16247169206985743,
    0.24128727225140859,
    1.7490369530683818,
    0.2550968522057908,
    0.06649796640140569
  ],
  "detection_info": {
    "pixel_coord": [
      346,
      292
    ],
    "camera_coord": [
      -0.11329524964094162,
      0.0753583014011383,
      0.6210000514984131
    ],
    "depth_meters": 0.6210000294959173
  }
}