{
  "timestamp": "19700611_075849",
  "target_index": 30,
  "target_position_torso": [
    0.33053587324915656,
    0.28419785597801206,
    0.08907072754046486
  ],
  "joint_angles": [
    -0.6084982978632175,
    0.5606950388412497,
    0.07522496467758659,
    0.9812952894665454,
    1.2041500662206628,
    -0.3810555448447825,
    0.3812765550141018
  ],
  "detection_info": {
    "pixel_coord": [
      192,
      264
    ],
    "camera_coord": [
      -0.3466678559780121,
      0.03663541376590729,
      0.6450000405311584
    ],
    "depth_meters": 0.6450000306358561,
    "method": "direct",
    "torso_z_deviation": 0.0009292724595351409
  }
}