{
  "timestamp": "19700608_064233",
  "target_index": 27,
  "target_position_torso": [
    0.2870424353772002,
    0.05975387850284575,
    0.07994930349436793
  ],
  "joint_angles": [
    -0.2781541846940736,
    -0.22330269374557357,
    -0.15845091429970498,
    0.26468654205154135,
    1.7456974938918954,
    0.259460217274528,
    0.07772348824125591
  ],
  "detection_info": {
    "pixel_coord": [
      347,
      291
    ],
    "camera_coord": [
      -0.11222387850284576,
      0.0741647407412529,
      0.6230000257492065
    ],
    "depth_meters": 0.6230000295909122
  }
}