{
  "timestamp": "19700608_064453",
  "target_index": 32,
  "target_position_torso": [
    0.25558884282914157,
    0.1201272145795822,
    0.07954198551248495
  ],
  "joint_angles": [
    -0.06489422359964582,
    -0.019372697048409594,
    -0.12913936840629878,
    -0.039766149104244426,
    1.599174271094674,
    0.12128323141897085,
    0.0108014425863229
  ],
  "detection_info": {
    "pixel_coord": [
      302,
      312
    ],
    "camera_coord": [
      -0.17259721457958221,
      0.10181424021720886,
      0.6080000400543213
    ],
    "depth_meters": 0.6080000288784504
  }
}