{
  "timestamp": "19700611_080051",
  "target_index": 30,
  "target_position_torso": [
    0.33487372830341466,
    0.2717567477512359,
    0.09035144769586567
  ],
  "joint_angles": [
    -0.5995376086661328,
    0.5179735273553044,
    0.08472085747882989,
    0.916563583266548,
    1.2198857989556648,
    -0.33459040180404814,
    0.33981926485354513
  ],
  "detection_info": {
    "pixel_coord": [
      194,
      261
    ],
    "camera_coord": [
      -0.34422674775123596,
      0.0322243757545948,
      0.6460000276565552
    ],
    "depth_meters": 0.6460000306833535,
    "method": "direct",
    "torso_z_deviation": 0.00035144769586567537
  }
}