{
  "timestamp": "19700608_040206",
  "target_index": 26,
  "target_position_torso": [
    0.2870424353772002,
    0.2120507846164703,
    0.07994930349436793
  ],
  "joint_angles": [
    -0.22332470183024059,
    0.286766969881557,
    0.08979228284856805,
    0.23520019979911433,
    1.30872019915778,
    -0.11342296564040358,
    0.10381307606986778
  ],
  "detection_info": {
    "pixel_coord": [
      234,
      291
    ],
    "camera_coord": [
      -0.27452078461647034,
      0.0741647407412529,
      0.6230000257492065
    ],
    "depth_meters": 0.6230000295909122
  }
}