{
  "timestamp": "19700611_081245",
  "target_index": 30,
  "target_position_torso": [
    0.3364771347948639,
    0.2834507713603973,
    0.0971703712161599
  ],
  "joint_angles": [
    -0.6422386872335719,
    0.56323821566641,
    0.08006111014619516,
    0.9934774608179318,
    1.2072986107782127,
    -0.38115009190610644,
    0.3578041751149362
  ],
  "detection_info": {
    "pixel_coord": [
      195,
      258
    ],
    "camera_coord": [
      -0.34592077136039734,
      0.02801433578133583,
      0.6520000100135803
    ],
    "depth_meters": 0.6520000309683383,
    "method": "direct",
    "torso_z_deviation": 0.0028296287838401046
  }
}