{
  "timestamp": "19700608_002138",
  "target_index": 30,
  "target_position_torso": [
    0.22048307288944324,
    0.21159671643257139,
    0.10153973228510071
  ],
  "joint_angles": [
    0.1167844851716201,
    0.3299570758581885,
    0.07023558050848086,
    -0.2644476330859007,
    1.2283877935940826,
    -0.03569767252059896,
    -0.04403517627797685
  ],
  "detection_info": {
    "pixel_coord": [
      225,
      329
    ],
    "camera_coord": [
      -0.2740667164325714,
      0.12274963408708572,
      0.5940000414848328
    ],
    "depth_meters": 0.5940000282134861
  }
}