{
  "timestamp": "19700608_055610",
  "target_index": 25,
  "target_position_torso": [
    0.3133051374039994,
    0.2273711154747009,
    0.07401542417649556
  ],
  "joint_angles": [
    -0.3863074395282804,
    0.34765903101029527,
    0.08979048413196848,
    0.5321805292145413,
    1.285350190222543,
    -0.17048548316989445,
    0.2232300627844265
  ],
  "detection_info": {
    "pixel_coord": [
      229,
      276
    ],
    "camera_coord": [
      -0.2898411154747009,
      0.054141249507665634,
      0.6410000324249268
    ],
    "depth_meters": 0.6410000304458663
  }
}