{
  "timestamp": "19700610_062725",
  "target_index": 25,
  "target_position_torso": [
    0.3141993077072894,
    0.23215373256683347,
    0.07874461773168162
  ],
  "joint_angles": [
    -0.3918633594627779,
    0.3638423357974502,
    0.10144537453558537,
    0.5276906022310306,
    1.275085014084172,
    -0.18470785728555825,
    0.20666196300393738
  ],
  "detection_info": {
    "pixel_coord": [
      227,
      292
    ],
    "camera_coord": [
      -0.2946237325668335,
      0.07827069610357285,
      0.6450000405311584
    ],
    "depth_meters": 0.6450000306358561,
    "method": "direct",
    "torso_z_deviation": 0.0012553822683183669
  }
}