{
  "timestamp": "19700607_071142",
  "target_index": 32,
  "target_position_torso": [
    0.2314243625170259,
    0.15422277548789975,
    0.09849351485532376
  ],
  "joint_angles": [
    0.05572093333618467,
    0.1053550964765825,
    -0.07248085001063591,
    -0.27036777778732113,
    1.48438046820707,
    0.05781136937911441,
    -0.09231891987275444
  ],
  "detection_info": {
    "pixel_coord": [
      269,
      322
    ],
    "camera_coord": [
      -0.21669277548789978,
      0.11468793451786041,
      0.6020000576972961
    ],
    "depth_meters": 0.6020000285934657
  }
}