{
  "timestamp": "19700609_042059",
  "target_index": 24,
  "target_position_torso": [
    0.34941850209083725,
    0.3041026280212402,
    0.07817515476103779
  ],
  "joint_angles": [
    -0.8436761526740054,
    0.5506770757502781,
    0.6886741584424483,
    1.4132710638426427,
    1.971628100834918,
    -0.5325111773209908,
    0.6080032162003495
  ],
  "detection_info": {
    "pixel_coord": [
      189,
      253
    ],
    "camera_coord": [
      -0.35657262802124023,
      0.020593097433447838,
      0.6550000309944153
    ],
    "depth_meters": 0.6550000311108306
  }
}