{
  "timestamp": "19700608_062045",
  "target_index": 18,
  "target_position_torso": [
    0.3167737690328274,
    0.23143653967857358,
    0.08053902514688874
  ],
  "joint_angles": [
    -0.40580396761290444,
    0.36289239703408654,
    0.10137599337635382,
    0.5375527529618095,
    1.2769956174532835,
    -0.18335182925904703,
    0.20297572571872838
  ],
  "detection_info": {
    "pixel_coord": [
      225,
      272
    ],
    "camera_coord": [
      -0.2939065396785736,
      0.04792926833033562,
      0.6370000243186951
    ],
    "depth_meters": 0.6370000302558765
  }
}