{
  "timestamp": "19700608_041421",
  "target_index": 26,
  "target_position_torso": [
    0.2882959060565542,
    0.2106145212936401,
    0.08065047550362905
  ],
  "joint_angles": [
    -0.22939438020433392,
    0.2829469053050434,
    0.08732490003687016,
    0.23660730695584334,
    1.3120061663045004,
    -0.10904876568721328,
    0.10050737598640304
  ],
  "detection_info": {
    "pixel_coord": [
      235,
      290
    ],
    "camera_coord": [
      -0.27308452129364014,
      0.0727284848690033,
      0.6230000257492065
    ],
    "depth_meters": 0.6230000295909122
  }
}