{
  "timestamp": "19700608_063643",
  "target_index": 25,
  "target_position_torso": [
    0.2833946608124325,
    0.17213666835308072,
    0.08134628896720633
  ],
  "joint_angles": [
    -0.19832118451487807,
    0.1750917015816962,
    -0.010853833740325223,
    0.12960287998389092,
    1.397344450088468,
    0.017973394949648513,
    0.05503296210716211
  ],
  "detection_info": {
    "pixel_coord": [
      261,
      293
    ],
    "camera_coord": [
      -0.23460666835308075,
      0.07666628062725067,
      0.6200000047683716
    ],
    "depth_meters": 0.6200000294484198
  }
}