{
  "timestamp": "19700610_035921",
  "target_index": 25,
  "target_position_torso": [
    0.2987867516880973,
    0.21431305864334105,
    0.07256092376512524
  ],
  "joint_angles": [
    -0.29204962235251664,
    0.29870267045958127,
    0.07964612686448524,
    0.37278877214252915,
    1.3082396423193259,
    -0.12435182352049315,
    0.17187685402691183
  ],
  "detection_info": {
    "pixel_coord": [
      249,
      292
    ],
    "camera_coord": [
      -0.26678305864334106,
      0.07972688972949982,
      0.6570000052452087
    ],
    "depth_meters": 0.6570000312058255,
    "method": "direct",
    "torso_z_deviation": 0.012439076234874752
  }
}