{
  "timestamp": "19700610_041009",
  "target_index": 30,
  "target_position_torso": [
    0.28574548343078593,
    0.26544841983795164,
    0.0752082154548398
  ],
  "joint_angles": [
    -0.25567895531860135,
    0.499394980454742,
    0.08727476526278838,
    0.4537472451819474,
    1.1352204213323005,
    -0.23786424915148202,
    0.2378844366054385
  ],
  "detection_info": {
    "pixel_coord": [
      210,
      309
    ],
    "camera_coord": [
      -0.31791841983795166,
      0.10290709137916565,
      0.6410000324249268
    ],
    "depth_meters": 0.6410000304458663,
    "method": "direct",
    "torso_z_deviation": 0.009791784545160193
  }
}