{
  "timestamp": "19700607_052233",
  "target_index": 27,
  "target_position_torso": [
    0.34356530545258024,
    0.06173172244310378,
    0.09018239883613122
  ],
  "joint_angles": [
    -0.6498931603095153,
    -0.11338097876205769,
    -0.1668398379476079,
    0.7011451408236606,
    1.4881346049098112,
    0.3395512647335683,
    0.200528941914732
  ],
  "detection_info": {
    "pixel_coord": [
      344,
      253
    ],
    "camera_coord": [
      -0.12420172244310379,
      0.02087605558335781,
      0.6640000343322754
    ],
    "depth_meters": 0.6640000315383077
  }
}