{
  "timestamp": "19700610_042329",
  "target_index": 24,
  "target_position_torso": [
    0.3461540228969167,
    0.2615282426166534,
    0.06568234882694501
  ],
  "joint_angles": [
    -0.842666140301658,
    0.429032136056897,
    0.6531392271233003,
    1.4140398059614852,
    1.9679419210977158,
    -0.41151923783755834,
    0.644830657978968
  ],
  "detection_info": {
    "pixel_coord": [
      216,
      276
    ],
    "camera_coord": [
      -0.32399824261665344,
      0.05675962567329407,
      0.6720000505447388
    ],
    "depth_meters": 0.6720000319182873,
    "method": "direct",
    "torso_z_deviation": 0.014317651173054974
  }
}