{
  "timestamp": "19700610_043010",
  "target_index": 25,
  "target_position_torso": [
    0.3357539502978026,
    0.19757859805107114,
    0.07517712316533542
  ],
  "joint_angles": [
    -0.5109839520527878,
    0.28876834387754985,
    -0.008500696184127889,
    0.6576303326903424,
    1.2900163483525195,
    -0.06288840042914007,
    0.25804610883213613
  ],
  "detection_info": {
    "pixel_coord": [
      255,
      281
    ],
    "camera_coord": [
      -0.26004859805107117,
      0.06364180892705917,
      0.6630000472068787
    ],
    "depth_meters": 0.6630000314908102,
    "method": "direct",
    "torso_z_deviation": 0.009822876834664568
  }
}