{
  "timestamp": "19700610_062507",
  "target_index": 26,
  "target_position_torso": [
    0.33922365828103557,
    0.18235341110706327,
    0.09163892237565663
  ],
  "joint_angles": [
    -0.513639945871497,
    0.24053268751640988,
    0.003642622625786958,
    0.5479736870756441,
    1.3325031448808453,
    -0.017202233814738566,
    0.153799632049816
  ],
  "detection_info": {
    "pixel_coord": [
      261,
      258
    ],
    "camera_coord": [
      -0.2448234111070633,
      0.02779950201511383,
      0.6470000147819519
    ],
    "depth_meters": 0.647000030730851,
    "method": "direct",
    "torso_z_deviation": 0.0016389223756566318
  }
}