{
  "timestamp": "19700610_042552",
  "target_index": 30,
  "target_position_torso": [
    0.2982683525448428,
    0.25099765160560605,
    0.07597889762349919
  ],
  "joint_angles": [
    -0.31648968144114964,
    0.4166020910158266,
    0.13354446139163184,
    0.48383634236607515,
    1.2347020410947902,
    -0.24016367996582638,
    0.2143592232662923
  ],
  "detection_info": {
    "pixel_coord": [
      214,
      304
    ],
    "camera_coord": [
      -0.3134676516056061,
      0.09596537798643112,
      0.6440000534057617
    ],
    "depth_meters": 0.6440000305883586,
    "method": "direct",
    "torso_z_deviation": 0.009021102376500806
  }
}