{
  "timestamp": "19700611_080858",
  "target_index": 31,
  "target_position_torso": [
    0.3203448948681488,
    0.22042300203323362,
    0.09960446879199447
  ],
  "joint_angles": [
    -0.41033442001873593,
    0.32821644528621374,
    0.11664977289858267,
    0.4177461602506319,
    1.2960513916064862,
    -0.14735988327418556,
    0.08634912770412691
  ],
  "detection_info": {
    "pixel_coord": [
      234,
      267
    ],
    "camera_coord": [
      -0.28289300203323364,
      0.040905192494392395,
      0.6420000195503235
    ],
    "depth_meters": 0.6420000304933637,
    "method": "direct",
    "torso_z_deviation": 0.000395531208005534
  }
}