{
  "timestamp": "19700610_043312",
  "target_index": 30,
  "target_position_torso": [
    0.2886769610419116,
    0.25594439008712766,
    0.07570222993469267
  ],
  "joint_angles": [
    -0.2658959496580652,
    0.4262676700142656,
    0.15263113607043247,
    0.4296429467084119,
    1.222000602614381,
    -0.25515953583553536,
    0.20227739767230402
  ],
  "detection_info": {
    "pixel_coord": [
      210,
      307
    ],
    "camera_coord": [
      -0.3184143900871277,
      0.10010751336812973,
      0.6420000195503235
    ],
    "depth_meters": 0.6420000304933637,
    "method": "direct",
    "torso_z_deviation": 0.009297770065307326
  }
}