{
  "timestamp": "19700610_034554",
  "target_index": 31,
  "target_position_torso": [
    0.26900506761461657,
    0.24977251747131346,
    0.06496376479161803
  ],
  "joint_angles": [
    -0.15309283679844166,
    0.43333697397069715,
    0.08730200365725342,
    0.3215524165717254,
    1.1789842185247663,
    -0.1915709928453815,
    0.22965855153143885
  ],
  "detection_info": {
    "pixel_coord": [
      219,
      309
    ],
    "camera_coord": [
      -0.3022425174713135,
      0.10210438072681427,
      0.6360000371932983
    ],
    "depth_meters": 0.636000030208379,
    "method": "direct",
    "torso_z_deviation": 0.005036235208381951
  }
}