{
  "target_index": 25,
  "pixel_coord": [
    261,
    253
  ],
  "actual_pixel_coord": [
    261,
    253
  ],
  "depth_meters": 0.6630000314908102,
  "camera_coord": [
    -0.2508777976036072,
    0.02084461599588394,
    0.6630000472068787
  ],
  "torso_coord": [
    0.3631045558092429,
    0.26840779760360717,
    -0.1589295288330398
  ],
  "screen_corners": [
    [
      234,
      174
    ],
    [
      440,
      184
    ],
    [
      439,
      289
    ],
    [
      194,
      277
    ]
  ],
  "target_region": {
    "center": [
      261,
      253
    ],
    "corners": [
      [
        245,
        244
      ],
      [
        284,
        246
      ],
      [
        279,
        263
      ],
      [
        239,
        261
      ]
    ]
  },
  "search_offset": [
    0,
    0
  ]
}