{
  "target_index": 31,
  "pixel_coord": [
    196,
    286
  ],
  "actual_pixel_coord": [
    196,
    286
  ],
  "depth_meters": 0.6570000312058255,
  "camera_coord": [
    -0.3470589220523834,
    0.07063905149698257,
    0.6570000052452087
  ],
  "torso_coord": [
    0.31671802562282486,
    0.3645889220523834,
    -0.1780024449100166
  ],
  "screen_corners": [
    [
      173,
      186
    ],
    [
      376,
      193
    ],
    [
      374,
      294
    ],
    [
      135,
      297
    ]
  ],
  "target_region": {
    "center": [
      196,
      286
    ],
    "corners": [
      [
        179,
        277
      ],
      [
        218,
        278
      ],
      [
        214,
        296
      ],
      [
        174,
        296
      ]
    ]
  },
  "search_offset": [
    0,
    0
  ],
  "method": "direct",
  "torso_z_deviation": 0.008002444910016587
}