{
  "target_index": 31,
  "pixel_coord": [
    257,
    270
  ],
  "actual_pixel_coord": [
    257,
    270
  ],
  "depth_meters": 0.6490000308258459,
  "camera_coord": [
    -0.25156497955322266,
    0.045839786529541016,
    0.6490000486373901
  ],
  "torso_coord": [
    0.33445567693533806,
    0.26909497955322265,
    -0.15891374211050568
  ],
  "screen_corners": [
    [
      231,
      174
    ],
    [
      441,
      183
    ],
    [
      440,
      288
    ],
    [
      194,
      276
    ]
  ],
  "target_region": {
    "center": [
      257,
      270
    ],
    "corners": [
      [
        240,
        260
      ],
      [
        280,
        262
      ],
      [
        276,
        280
      ],
      [
        235,
        278
      ]
    ]
  },
  "search_offset": [
    0,
    0
  ]
}