{
  "target_index": 32,
  "pixel_coord": [
    217,
    284
  ],
  "actual_pixel_coord": [
    217,
    284
  ],
  "depth_meters": 0.6300000299233943,
  "camera_coord": [
    -0.3022959530353546,
    0.06483130156993866,
    0.6300000548362732
  ],
  "torso_coord": [
    0.3086054285175723,
    0.3198259530353546,
    -0.15160333413885796
  ],
  "screen_corners": [
    [
      159,
      180
    ],
    [
      368,
      194
    ],
    [
      362,
      302
    ],
    [
      111,
      288
    ]
  ],
  "target_region": {
    "center": [
      217,
      284
    ],
    "corners": [
      [
        199,
        274
      ],
      [
        240,
        277
      ],
      [
        236,
        295
      ],
      [
        194,
        292
      ]
    ]
  },
  "search_offset": [
    0,
    0
  ]
}