{
  "target_index": 26,
  "pixel_coord": [
    301,
    255
  ],
  "actual_pixel_coord": [
    301,
    255
  ],
  "depth_meters": 0.6620000314433128,
  "camera_coord": [
    -0.18945275247097015,
    0.023865506052970886,
    0.6620000600814819
  ],
  "torso_coord": [
    0.3599799314433693,
    0.20698275247097014,
    -0.15953158660448252
  ],
  "screen_corners": [
    [
      231,
      174
    ],
    [
      439,
      183
    ],
    [
      440,
      289
    ],
    [
      194,
      277
    ]
  ],
  "target_region": {
    "center": [
      301,
      255
    ],
    "corners": [
      [
        284,
        246
      ],
      [
        323,
        248
      ],
      [
        320,
        265
      ],
      [
        280,
        263
      ]
    ]
  },
  "search_offset": [
    0,
    0
  ]
}