{
  "target_index": 32,
  "pixel_coord": [
    212,
    259
  ],
  "actual_pixel_coord": [
    212,
    259
  ],
  "depth_meters": 0.6540000310633332,
  "camera_coord": [
    -0.3213506042957306,
    0.029607992619276047,
    0.6540000438690186
  ],
  "torso_coord": [
    0.35106270003166956,
    0.3388806042957306,
    -0.15535314247848686
  ],
  "screen_corners": [
    [
      154,
      160
    ],
    [
      350,
      168
    ],
    [
      352,
      268
    ],
    [
      110,
      268
    ]
  ],
  "target_region": {
    "center": [
      212,
      259
    ],
    "corners": [
      [
        194,
        250
      ],
      [
        234,
        250
      ],
      [
        231,
        268
      ],
      [
        190,
        268
      ]
    ]
  },
  "search_offset": [
    0,
    0
  ]
}