{
  "target_index": 32,
  "pixel_coord": [
    301,
    312
  ],
  "actual_pixel_coord": [
    301,
    312
  ],
  "depth_meters": 0.6090000289259478,
  "camera_coord": [
    -0.17428506910800934,
    0.10198169946670532,
    0.609000027179718
  ],
  "torso_coord": [
    0.2659308833612021,
    0.19181506910800933,
    -0.15141249084952146
  ],
  "screen_corners": [
    [
      224,
      201
    ],
    [
      448,
      205
    ],
    [
      452,
      321
    ],
    [
      193,
      323
    ]
  ],
  "target_region": {
    "center": [
      301,
      312
    ],
    "corners": [
      [
        282,
        302
      ],
      [
        324,
        302
      ],
      [
        322,
        322
      ],
      [
        279,
        322
      ]
    ]
  },
  "search_offset": [
    0,
    0
  ]
}