{
  "target_index": 31,
  "pixel_coord": [
    171,
    251
  ],
  "actual_pixel_coord": [
    171,
    251
  ],
  "depth_meters": 0.6630000314908102,
  "camera_coord": [
    -0.38844019174575806,
    0.017787672579288483,
    0.6630000472068787
  ],
  "torso_coord": [
    0.36577245713182893,
    0.40597019174575805,
    -0.15743714631330485
  ],
  "screen_corners": [
    [
      153,
      161
    ],
    [
      352,
      170
    ],
    [
      351,
      269
    ],
    [
      109,
      258
    ]
  ],
  "target_region": {
    "center": [
      171,
      251
    ],
    "corners": [
      [
        155,
        242
      ],
      [
        194,
        244
      ],
      [
        189,
        261
      ],
      [
        149,
        259
      ]
    ]
  },
  "search_offset": [
    0,
    0
  ]
}