{
  "target_index": 26,
  "pixel_coord": [
    303,
    291
  ],
  "actual_pixel_coord": [
    303,
    291
  ],
  "depth_meters": 0.6240000296384096,
  "camera_coord": [
    -0.17570069432258606,
    0.07428377866744995,
    0.6240000128746033
  ],
  "torso_coord": [
    0.29742673488983934,
    0.19323069432258605,
    -0.15098153385093893
  ],
  "screen_corners": [
    [
      224,
      202
    ],
    [
      448,
      204
    ],
    [
      452,
      320
    ],
    [
      192,
      323
    ]
  ],
  "target_region": {
    "center": [
      303,
      291
    ],
    "corners": [
      [
        284,
        282
      ],
      [
        326,
        281
      ],
      [
        324,
        301
      ],
      [
        281,
        302
      ]
    ]
  },
  "search_offset": [
    0,
    0
  ]
}